"x1","x2","x3","x4","x5","x6","x7","x8","x9","x10","treatment_effect","y","assignment_vector","lr_estimations","rf_estimations","gbm_estimations"
1,2,1,1,1,-1.97121157318626,0.598246101658814,2.15380524701387,3.71576465195724,4.06657759800847,0.229419133588993,1.69975007435354,1,-1.76241266042769,-0.184021959324628,0.184250633109913
1,0,2,0,2,1.83287588241214,-0.263546200901809,1.52792083566274,-1.63198184179691,0.576085354504424,0,0.946381645838019,0,0.209817073522066,0.011777746180875,0.489301065770177
1,1,0,2,0,2.7058236802532,2.17067970560705,-0.987849026029211,-4.17791111378018,0.856442951519552,0.256933141631333,0.917055043632857,1,0.899782942760584,1.35558406314145,0.713487161897429
1,0,1,1,1,2.08501870050152,-1.42329834090158,1.48009984247587,0.555767280749689,-1.36654661466904,0,0.760137122940379,0,0.0337510412148913,-3.26707113879482,0.397042074124504
0,1,1,1,1,0.646017176035224,-0.224968225811944,0.703955365610853,-2.01735621146027,-0.99401287698038,0,2.0364687206561,0,-0.708165872800106,-0.242558810306161,0.28857927758153
1,0,2,1,0,3.10165540707594,0.755183120048043,2.51107752432846,-1.39399723648868,0.788951476591165,0.509062213973604,1.13074936252409,1,1.35680972797984,-2.07866344846991,0.718918796573444
0,2,1,2,1,0.250307566064161,-2.26027707735351,-1.69474514906187,-0.794661741716243,-1.08991441043261,0.193362345795678,2.36471018611504,1,-0.946288432521549,-1.6688706802557,0.298938519550263
1,2,2,1,1,-5.8362527400356,1.75219074515829,-0.249513415271257,0.541447418940052,-1.06569099171143,0,0.570226488225168,0,-4.73991794559975,-0.509477558966693,0.0819308345709086
1,1,1,0,0,2.75667556243047,-1.28889958931973,-0.998861326844048,-0.97479912209787,-0.43524857609868,0.260901918021329,0.191139786104204,1,1.20778878836283,-0.352250572076386,0.846818887685117
0,1,1,1,1,1.47014489809375,-0.629903173067216,-0.772892551344334,-2.37497054018953,-0.392420682330514,0,-0.843097022456631,0,-0.239684729387016,-0.143647334809363,0.39760762847667
0,0,0,0,1,2.17435325003594,1.17150325973828,3.16109088041409,2.89267180483334,3.70388269321077,0.0544259926129857,1.18638810697934,1,-0.00860127197797481,1.03301058034986,0.645119052931436
0,1,1,0,0,-1.28213961516175,1.47199703508108,0.300405856334812,0.751522452714929,0.00365833950092616,0,0.130119001320367,0,-2.03945524713611,-1.51601954133149,0.151695450306308
0,1,1,1,0,-0.0969119436285073,0.782493478783541,0.558446560823151,0.927771900621582,1.8257679478135,0,-1.03229985348909,0,-1.22935052610932,1.13979154618559,0.206726539505989
1,2,0,0,1,-1.36704188240846,0.609313404702327,0.508265722385504,3.49631964702507,4.0971933268774,0,3.36421503805614,0,-1.49628848626746,-3.13654213169261,0.241234671725371
2,1,1,1,2,-2.82874929165486,0.549230065397332,2.29323093434873,1.18263190919623,-1.47029929791385,0,0.770427425369252,0,-2.79543146338231,-1.64434374232537,0.0958516108428102
0,1,0,1,0,0.781359459222291,-2.09103181093844,-1.52256261401352,-1.75992610744473,-1.66728225451565,0,1.15183417731441,0,-0.874277616701761,-1.4674336891437,0.324969208016466
0,2,1,1,2,-3.33560076282184,-0.997417928065453,-0.697924059348592,2.28074636170137,1.1113569667117,0,1.00831143852399,0,-3.55797357338989,-0.968460451042679,0.122654048174996
1,1,0,0,0,0.779937705008801,0.958570515527936,0.086605062847646,-0.0300202075890008,1.21439683848594,0,0.281301186808351,0,-0.277430860942512,-0.0340782346362593,0.420233925132354
1,1,0,1,2,3.56271233897654,-2.01818379542451,0.501600398345503,2.01017417801059,-0.228191642308748,0,-0.118231579557365,0,1.19390178482633,-2.605814497488,0.703308547086519
1,0,2,2,1,2.38321064881298,-0.345287609540414,-0.546227653510549,-1.99398573031413,0.11814149698943,0,1.31531482319568,0,0.182023806645577,0.161782132251764,0.510319829329597
1,1,2,2,0,-0.522387658909073,0.175595441232271,-0.131973163590223,-0.358263465183639,0.194557829732071,0.75823951421817,2.10544304296734,1,-1.28855629333644,2.33940066902835,0.181135046468601
1,0,0,2,0,3.46204710563274,-0.603946405876011,0.130954192845366,-1.52075044389546,-1.32426515521869,0,0.870300442824958,0,0.835658373143993,-2.41775746870889,0.661256325296462
2,0,0,1,2,-1.60205920389506,-0.0607439674137439,-1.28444243191903,-0.0262406265438007,0.840366727016424,0,0.547290315581444,0,-2.8509579715301,0.808407951258085,0.117571953105775
1,2,0,1,1,-0.0924927982924972,0.743195875789674,1.35754246701982,0.748319250859252,-0.902971796963747,0,-0.132710584841865,0,-0.648569583398054,-0.727139914688461,0.214185318587365
2,2,0,1,0,1.13739261021962,-2.30886814118079,-1.98221015451771,-1.77647103210781,-0.871880447156511,0,-0.897154134952955,0,0.55026289022072,-1.92341253719013,0.369822670198306
2,1,1,1,0,1.28049551833919,1.7832797102243,1.39116860332884,-1.32060013645677,0.912651069279099,0.740645534003437,2.75071098793025,1,0.601510026533828,-1.8888130282371,0.648009145646195
0,1,2,0,1,-1.7775133585335,0.0931000577419636,-1.38800192749336,-0.604982448035279,0.977561448111867,0,-0.96998941912198,0,-2.44994161053102,1.36156181279447,0.108196116544867
1,2,1,0,0,-4.49957920067289,2.86832714746784,-0.824975288836409,0.507168645218413,1.14738032097317,0,0.103470159463915,0,-3.60936261158845,-1.11119087422622,0.0866871331391742
1,0,1,0,1,-0.369548780038855,-2.72812873314345,-1.43510929670512,-1.70103121911725,-3.53389777404456,0,-0.120057026504601,0,-1.84071965840164,-1.45726213727083,0.127899346289539
0,1,1,2,2,-0.683045349072735,1.73957833268398,1.45925873168514,2.97333863507823,1.46149163871009,0,1.02027089134292,0,-2.18984969224924,-1.89786938401319,0.177730321121794
1,2,1,1,1,1.94133275136498,1.98216791394092,0.922708406319436,-1.05466601988377,0.0261109546271821,0,-2.21944585888294,0,1.03350056083968,0.0924576814386261,0.592400923311098
2,2,1,1,1,-1.26256137952997,2.66281411499518,2.06989738287103,-0.118147629616949,-0.55630359608445,0,2.06145499092918,0,-0.92222108187672,0.558463049183537,0.216298527893494
1,0,2,0,0,4.75049055421725,1.30711231227064,2.79976559194399,-1.67358063444798,-0.55036187241993,0.19403852430926,0.131806549248798,1,2.69149615007936,0.227609143145953,0.935018380707719
1,2,2,2,0,-0.079876321269802,0.294384423660163,0.639847176625097,-1.18485883000052,-2.17210610091079,0,1.41290788756195,0,-0.367639263570187,-1.68976623307985,0.226403709320556
1,0,1,0,1,1.37306413599979,-0.723192223813739,-0.167251369895585,0.762070174441141,-1.51575130252939,0.389709965654364,2.23746152190739,1,-0.568871379757053,-2.8063224228752,0.331960426964028
0,0,2,2,1,1.92374563273462,-1.36345589959767,-3.65355102331961,-2.38718146087875,1.71895045640418,0.187736246280464,0.665951792735101,1,-0.73977987719103,-1.31882459373715,0.677043145544399
0,0,1,2,0,2.44012871806888,1.0191459613784,0.820007889347995,-3.92995145730799,-1.74222952590786,0,1.43248804065805,0,0.113992988364391,-0.946375028451823,0.382983327399245
2,2,2,0,1,-2.49585249808011,0.552829083302239,0.535140339989196,0.217518314437513,-0.149739606343169,0,2.1416752457887,0,-1.65660333233934,-0.282140231807896,0.0856555859579945
1,1,0,2,1,-1.69935526779363,2.15994695678889,-1.42510815002769,-0.298505294818906,2.86350622029752,0,2.70586529145433,0,-2.6759845141472,2.00030599553667,0.106028840013727
1,2,1,1,0,1.18078608101316,-1.57674103703439,-2.07072528189047,-0.530240786435111,-0.29648835811705,0.0621593554040277,1.37209046240703,1,0.304166003938147,-1.97985189071444,0.366161286952042
0,2,0,2,0,-1.55564231453181,-0.340059364106666,-1.39622009826157,3.77246425948997,3.59216698719682,0,1.12268417976888,0,-2.37758520526655,-0.871358350034398,0.130701784692451
1,0,0,0,0,7.04258431508005,0.343254799351401,0.618928669187317,-4.07315322727173,0.717586385882712,0.569916365398561,2.36964200064309,1,4.04280512287537,-2.44118432302621,0.936639179465428
0,1,1,0,0,0.0313957154483083,0.157763251850928,0.4804166489724,1.80854534217998,1.893577384687,0,0.806783120897465,0,-1.02848699281097,-2.43673282737204,0.213054606717693
1,1,1,1,1,-1.19861379670812,0.655139142330453,-2.4635423689956,-1.21955867168897,-0.675595839997689,0,1.756286835078,0,-2.19029601635657,-1.17521875624987,0.114030013683293
1,0,1,1,1,2.97045040684033,1.48461751949035,0.529101614959829,-0.335076890946167,0.917513960150579,0,1.34947399417145,0,0.630169819349902,0.0270105157972503,0.496521396055233
2,1,1,1,1,2.22042682026671,0.366328081429849,-0.165080011778288,-0.58916746251666,1.66914594003359,0.619432822847858,1.09212150386237,1,0.948461578615477,0.047639750934026,0.685416768681181
1,0,0,0,0,-0.420348784092917,0.499162559673382,1.52136831439912,0.930957936410876,-1.15432230460465,0,0.457781447395554,0,-1.66368274034176,-1.88316532291129,0.132216841662855
0,2,2,1,1,-0.565945336361885,0.343773539420166,0.988126635028701,2.06566796757408,-0.0619789765979495,0.495096485166349,-0.868168409975927,1,-1.1279468368916,-3.11812199306331,0.22714276467548
1,0,2,0,2,3.80253586137252,-0.493137589613768,3.23591413408183,0.0818674327061977,2.55813790180052,0.661573351351407,1.47604074672493,1,1.81529454009349,-2.29270669498258,0.909944065391573
2,0,0,2,2,0.0436585395648736,-0.559216560332011,-2.68199106063462,-0.56704246943769,0.145827600427581,0,2.00086669706461,0,-1.97965696749196,1.5271329543963,0.143640413178747
1,0,1,0,2,-1.5821712012431,-2.7147001904878,-3.74577959311801,1.86025088792511,1.45334021880647,0,-1.80502450437097,0,-3.20504644455678,-0.93311279391183,0.118147125289477
0,0,2,2,2,0.365205497836357,-0.0561620558406843,-0.306004648717117,0.489426174101607,-1.69850060971465,0,0.715778510774529,0,-1.97498134613034,0.689318548399923,0.196987077602092
2,1,2,0,0,1.5305202036095,-4.51312580015821,0.0819091724305672,0.474200605704332,-2.1321751070139,0.608365884999871,2.34929475923909,1,0.832445336974246,0.474504106938724,0.758897131495896
1,1,1,2,0,3.26065337999604,0.527978261964158,-0.848368946819106,-0.55513122612112,0.766489176247446,0.904178006145837,0.732899381601304,1,1.23907385048392,-1.99582625883658,0.807834478806441
2,1,0,0,0,0.553378902957798,-1.98129569968421,0.00577199827265111,-1.36765767909184,-2.93067740585163,0.405712079201233,1.51765800469051,1,-0.129897689589891,1.25622824708522,0.493581976773981
1,1,2,1,0,0.511752903703099,-0.194199257535043,-0.974936115447179,-0.320909482331881,-1.18454714990768,0,-0.111815127494151,0,-0.539752684905246,-0.0891547804356349,0.326851645782438
2,1,1,1,1,4.0046414388511,-4.22258541637178,0.149224271885324,-2.01688173528562,-2.62764637628936,0.740032905934376,1.11688737054945,1,2.32322411738871,0.0770068503427131,0.931298388173977
2,1,2,1,1,-1.54541999971156,-1.24121992131382,0.201700191851185,1.84630576506691,1.99652753315763,0,1.52874784713172,0,-1.69792556229416,-2.63615643191004,0.147951414082674
0,1,1,2,1,-1.17902685709153,0.521121176332321,-2.85182241180154,0.448249370552828,-0.89070094335706,0,-0.0292915672948299,0,-2.82935523092708,-2.34178571463785,0.0976669849482691
0,1,2,1,2,-0.451514261375054,-0.447320799728102,-1.81389644638376,-2.34448030983425,-2.40689611172172,0,-0.00961258861634418,0,-1.86438599939524,-2.19842539964056,0.126106218127537
2,0,1,0,0,0.628181168100132,2.39750417750984,1.09158268426603,-0.986136492226769,0.00340890073798459,0.906563224338449,2.7564743602302,1,-0.373159786913428,-0.507242314842425,0.597374538522355
1,1,0,0,0,1.02864587652512,-0.423795637002395,-1.05996611756568,-1.77531653877135,-1.44172441554864,0.173457008225373,0.623259448891907,1,-0.193143427181086,0.198842775740448,0.44718325409884
2,0,2,1,0,1.39794708224369,-2.48616568622985,-1.65744342426935,-1.04652949326708,-0.951069235572475,0,1.09295119929896,0,-0.0912078379151623,-2.097021416394,0.275579629337268
1,1,2,1,0,2.19777265056613,-4.3304416867375,-2.92131587481547,2.35223234820608,-0.29768624664528,0.240683318630568,-1.22551791205427,1,0.390346132734778,0.662184978727558,0.6134554732737
2,0,1,1,1,-3.1497634377109,3.00495816951765,2.35117342867431,3.64773585677863,2.18593765371033,0,0.804464882372403,0,-3.50503712985657,-2.93728055545263,0.0792330049865251
2,1,2,2,1,2.15896881963977,0.0383084283520505,-0.261043748728939,-1.30869375859255,-0.349462977755121,0,-0.598623694051716,0,0.844081546278565,-1.35336639136943,0.588334994442096
2,1,0,0,2,1.02188786094682,-4.84468057330311,0.638540567344248,0.198460527768024,-4.24567020147863,0.823290594544522,3.13491724233715,1,-0.102969763829613,-1.30535806231579,0.759423269176206
1,0,1,1,1,-1.93550710345532,-1.36335063079165,2.30756657204085,2.06518561035691,-2.59575672679346,0,0.373301909936576,0,-2.92123685601717,-1.39428572691602,0.139624911224067
1,2,2,0,0,-4.40280361121446,-4.33213160309343,-2.67275623586774,1.73999690313133,1.75619909722195,0,0.245627390327459,0,-3.49917905341227,-1.60760876019464,0.168627786142439
0,2,0,1,0,-2.15140446545054,1.62395503388302,0.830550611438514,1.13805651475194,2.09556384073928,0,1.37087481646385,0,-2.29312621221002,-2.88773988326497,0.0860333228397956
2,2,1,0,0,-1.58969456172025,1.6667882850806,0.0315586447868807,-2.55340031227183,-2.35331506480662,0.106374771037184,-0.406965132611679,1,-0.979242700226459,-3.09657189113216,0.35153315013636
2,0,1,1,2,0.124643605185794,0.345718290619416,1.06459577879934,0.0621904064514319,-0.272796707535193,0,-0.898707735302842,0,-1.23382048284105,-2.91144781202029,0.299562510803928
0,2,0,1,0,-0.223121179539249,0.997527783337898,0.354473355669212,0.78393126591414,0.0203300537428918,0,0.803599486416574,0,-1.00795686457185,-1.4462563272303,0.234870399293113
1,1,2,0,0,0.101668832639684,-2.79452595999872,-3.58167782856376,-2.08958970896735,0.339658139164084,0,1.78646477187979,0,-0.743913977998664,-1.52390132160939,0.241312682042049
1,2,1,0,2,-2.85969187014039,-1.93114020316576,-1.26761760395224,3.30748057359092,0.341722006536451,0,0.0972461125057938,0,-2.88719422496414,-1.33703234184478,0.0894011851469691
1,0,1,0,0,1.47849212101456,-0.0384152094096637,-2.1810397185233,-2.32265436295641,-1.30498099520051,0,1.17591951793548,0,-0.387471115340587,2.11691540342114,0.311927973865941
2,2,1,1,2,-1.23173254246651,-1.06800595084294,-1.67958954103807,1.36392896587352,-1.97934516872468,0,2.09707957479415,0,-1.59086831453452,-1.1681939475824,0.171150994668591
0,2,0,0,0,3.46933605792658,-1.0103398266053,2.36955224871565,-1.76483691587182,-0.871194347853456,0.275771585404255,2.00624346903262,1,2.27163824581224,-0.877514651560012,0.892737725832352
2,1,1,1,0,2.73010419233932,-0.457717910264928,1.21344105135357,0.596734748628185,1.94741027624352,0.697568720852151,1.05099289682816,1,1.59354181533237,-1.17619394611309,0.743576244946064
1,2,0,2,0,-1.4599919806137,-0.853075807657572,-0.607112643786568,0.747830744387201,2.20984208990929,0,0.404993534765634,0,-1.71790706601544,-0.984205666171531,0.218497437592933
2,1,1,0,1,2.90635320079454,-3.88312801230725,-2.64103679863529,0.0370242079591764,-1.40385291568489,0.47788485919108,2.01397793855797,1,1.23288462901243,-1.01562032419813,0.7470717859859
0,2,2,2,1,0.214208742899935,0.839643458326538,1.3682837290444,-1.65967049187717,-2.06955429930598,0,-0.383072423356043,0,-0.510811583457965,2.18317054481276,0.337794670676368
2,1,1,0,1,-3.18732572066002,0.490552747649225,1.82573097633442,1.30039966774348,1.78536965720963,0,0.40829858744827,0,-2.67029512309398,0.17888186402183,0.0859653043307048
2,2,1,1,0,-2.28201211827758,0.0744261502486064,0.117862399294053,0.544024363030907,-0.416358990968656,0,0.511929829122004,0,-1.72305778273034,-1.41682844421909,0.0790234813065371
0,1,0,0,2,0.0254898269362035,-2.80128732620824,-1.14413490067084,0.152378815554172,-0.391840369951257,0,0.541913670929283,0,-1.57719124754685,1.71598587963558,0.152257760624288
1,1,0,0,2,-1.98666941983826,0.670339145866522,1.01172806690246,0.464894014989082,0.981496091824487,0,0.218414743163401,0,-2.4958949948347,-1.18448390624843,0.145819626664832
0,2,1,1,2,-4.67882045024193,-1.08635734314473,-1.51691368991284,3.79322441299878,0.701520249893015,0,0.933756714782519,0,-4.75330448291772,-0.494820750943591,0.117132836528852
2,1,2,2,2,-0.204565323020495,-1.39210102401332,0.28361628462499,-0.378690975983782,-2.33816660272019,0,3.41169876693134,0,-1.05332976212178,-2.68618804868529,0.268960595400436
0,1,1,1,0,-2.49704231136486,-1.35982791291966,-0.384353320966612,0.170213716164732,0.631026554667701,0,-0.720646373943149,0,-3.01696140724283,0.497640035174168,0.0994249408654615
1,0,2,2,2,1.44955181995358,-1.05511270006528,0.609148292904524,1.29403403047099,-1.61258871166155,0.69571287211459,2.99733426406445,1,-0.783653637743219,0.330475864640363,0.434337334506155
0,0,1,0,1,2.1958940906392,-1.20444408411056,-0.518039664197233,0.0189167417870739,-0.540323289528265,0,-1.27752058397579,0,-0.231637379116624,-2.93069616574486,0.445710983208473
1,2,0,1,1,1.89809867658661,-3.88476495588494,-0.850775786822447,2.17809292861929,2.94127682166484,0,0.624676026525744,0,0.694634985736806,-1.69975653078289,0.691761843798168
2,0,2,0,0,-1.47322149422805,1.03694579626098,-0.625594724221209,-1.82205981082832,2.02448345114967,0.411914889958485,0.656062384464893,1,-1.78691312783064,1.03005134961068,0.291140118581753
2,1,1,1,1,-1.95495239091533,-0.723821191518225,-0.756265323188621,2.1427812046905,-0.332999077077453,0,2.53752162803823,0,-2.38635246170486,-1.40576241012658,0.157559040782401
1,2,2,2,1,-2.96867964605927,-0.490207726448528,-1.78182577971193,2.24229041321243,0.401854262066206,0,1.68713310865221,0,-3.0247714858045,-0.624061983417988,0.0802544277979752
1,1,2,1,0,-3.06121372136638,3.96379634395231,1.69321732909422,1.98880039836424,0.807527075941844,0,0.475447372380785,0,-2.9729505318541,0.100411038051275,0.0811452859023644
0,1,2,1,1,-0.21182406329547,0.81247627418209,0.10983200763855,-2.57275820091814,-1.89545655011982,0,0.77877970825159,0,-1.29198563604018,0.568671179438993,0.231506146760673
2,1,2,1,2,-2.31083805600687,-0.398355940404398,-0.139750730178039,0.209241763030148,-0.753248237077146,0,0.244226543151294,0,-2.46800402913558,0.774854655362317,0.07306026590454
2,0,2,0,1,4.37656100338321,-0.636622157699842,0.603109291893118,-1.20022047655749,0.122269090336102,0.248503598732949,0.662571745026161,1,2.35788557600297,-0.836793391055251,0.933065714781032
1,1,0,2,2,3.47484060089741,-2.57281856193373,-0.505941102938875,-3.38645232031232,-2.97876459531073,0.751681711873102,3.61158332186327,1,1.12544732331434,0.495550819600913,0.820427387265386
1,1,1,1,2,1.73948943352623,-1.27575969355833,1.00760713092912,-0.482428061186299,-2.27408794343105,0,-0.384167319501462,0,0.151819456543827,-1.6128634318329,0.420386786984771
2,0,1,1,1,0.456866885890523,-1.50607191513382,-0.635503077054762,-1.52435150702429,-2.30362497514838,0,-0.0535171278627581,0,-0.979637464315756,1.46090153545145,0.237446061732211
1,0,1,0,1,0.982253163435965,-0.403412709337807,1.36843100970925,2.80769739621432,0.621541154966159,0,1.11948789267631,0,-0.719862305624708,-2.16828132791253,0.383632827182459
1,2,1,1,0,1.62492629327298,0.154123229867804,-0.706261443203971,-1.59849161457372,-1.33159337542373,0.0836061306471799,1.85503940901055,1,0.782424885650759,-1.09900947723714,0.554729118001083
0,0,1,0,0,-0.161702129951838,1.5449963543114,0.0374026758481791,-0.0944919188277185,0.713077942568742,0.741919745096772,2.30098360780972,1,-1.72457984971394,-1.72041300430356,0.223255190203616
1,1,1,1,2,2.17802190934125,-1.33851861282816,-0.907327204009654,0.184384523036874,0.504876618367687,0.201039851554962,0.22546502158486,1,0.295769581216996,-0.341557019232319,0.610834753814496
1,1,0,2,0,0.18132336416078,1.156714801362,-0.74709473699029,-0.387824373055919,0.147391227404253,0,0.580298366313109,0,-1.16170218307815,-0.884072771368753,0.300900610153292
2,1,1,2,1,-1.93838761402651,-0.971220731352971,-3.6697213105314,-0.449153444612162,-1.91717329603493,0,0.969672607317367,0,-2.78109966014706,0.289174184072348,0.156579729343082
2,0,1,0,1,-0.309872693462449,-0.764063759237192,-0.455460630459372,-2.44184509174733,0.772120889260663,0,-2.1060353645351,0,-1.17456525497865,-1.16845201954977,0.213564005441064
0,2,1,2,0,3.22703386255521,-0.862192534610912,0.250897903649986,-0.661618265841345,-0.776481716105182,0.405105660261407,0.324589520860981,1,1.56473527824873,-0.498054494103813,0.763380429593207
2,2,2,0,2,-3.63576869525583,-2.41978587496795,-1.50923532352817,3.23728094932324,0.143691289041313,0,-0.670614143975932,0,-3.01085012988406,0.314241893387678,0.0934246524765146
1,1,0,1,1,2.11459887018624,-0.401432251834975,-1.1843518924325,-2.77059489163326,-1.39013632401997,0,0.106527549752106,0,0.33378104259399,1.58516906298054,0.504669582957521
0,1,0,1,0,2.92620048892974,-1.268081365266,-0.177105776082692,-0.504862020663166,-1.60293218430788,0,-0.641135734027573,0,0.734058140750613,0.549705104143739,0.363198097362378
1,2,0,2,0,2.73901275134616,-2.72834922792844,-3.1240397733866,-0.0731896047083401,1.03764765467741,0,1.85710678920174,0,1.05109367491763,-0.902811390783949,0.382991168263794
2,1,2,1,1,-0.298433939401693,0.170911213913884,1.87094201759749,-0.912684564800264,-0.238899737580306,0.455692098736716,0.376310197314712,1,-0.523241740956841,-0.328375944896286,0.265440837058788
1,1,2,2,0,-2.77881631145388,-0.95209543379027,-0.647099850111693,-0.0758278386071425,-0.80456576639151,0,0.0332106077049213,0,-3.0121413649351,-2.84684524218651,0.0735699885168213
1,2,2,1,1,-1.18814757989437,3.20601136222139,-0.473725023430302,1.34279556473339,2.26514034965594,0,-0.216696617676962,0,-1.37370234370806,-1.8094101362341,0.164914472562245
1,0,2,1,2,-0.724356508350049,-0.230175379001555,-0.749161709448454,-1.51162858051519,-1.83182643997328,0,0.687126256340622,0,-2.1956714058573,0.0765600888586975,0.11364576399494
1,0,1,1,1,-1.40289349006663,3.06354396499152,1.34969185639334,0.0960200593033802,-1.20876018177339,0,0.204460031053453,0,-2.58330616217604,0.938680983286001,0.171146653530326
0,0,2,1,2,-3.42090658880397,-0.998115743385091,-0.784652007428308,0.343759004310859,-3.94171302803675,0,1.75552543402267,0,-4.66332022328417,-1.60850764638029,0.106629905958828
1,1,2,0,1,-0.0924276211493632,-1.21316470517315,1.59934177685117,-0.159075696979951,-2.22074754052581,0,2.09030700744113,0,-0.666060026281216,-1.23806843199787,0.151681564024315
1,1,1,1,1,0.689872704807408,2.27037692458083,4.21477971066447,2.68232959578445,1.74819642937797,0,0.818224733101553,0,-0.199509964101636,1.82010351837549,0.334521796488049
0,0,1,1,0,3.602748849802,1.38621763171269,1.76287377432614,0.0241794518427821,0.604391110440632,0,2.01251675844349,0,1.04017384787976,-1.65786926528867,0.567559193657753
0,0,0,1,1,2.25882227094876,-0.0778482278779296,-0.905919769105103,-0.634110951663363,2.33435934254412,0.452814705641878,1.91542831386406,1,-0.397680505369986,-1.29285114216549,0.565754493357785
0,0,1,2,1,2.41565897184208,-2.1865369423231,-1.13261738577935,-1.93287512384414,-3.16385775120944,0,1.43090627112881,0,-0.417145770454643,-0.596297088401814,0.371522576354022
0,1,2,1,2,-0.634742388196905,0.924264608543465,0.651184279503999,-0.121080577946788,-1.41143250168946,0,0.595009689381883,0,-1.83742654251867,0.862750335964163,0.152366839878676
1,1,0,1,1,0.835677300191523,-3.73468116808699,-1.08717214490688,0.166562528857855,-0.598733714613013,0,0.049190004542536,0,-0.659373770528019,-2.79520253658948,0.46495249542122
1,0,2,1,2,2.81080736544142,-2.506487274538,-0.144604924236948,-2.35176593388847,-1.18813450178422,0,-2.32300344451254,0,0.580717605938332,0.684552381713335,0.604219875611977
1,0,1,1,1,-1.81745841598241,0.180633369576886,-2.18147431776868,-0.748946607771889,0.956246379979286,0,1.25704794080703,0,-3.10002279786027,-1.89184801306166,0.11558113791216
1,2,0,0,1,-4.04816929290032,4.41471054218119,2.88111501951253,0.631412547399304,-0.654005341308198,0,0.273757666568169,0,-3.22967790513903,-1.98421275933829,0.0836216063199975
1,2,1,2,2,2.33318654234412,-1.97407360135351,-3.83898260601105,-1.35086886959618,-2.49982764470208,0,1.64091444609362,0,0.422093101857363,-1.32753179780264,0.486493894057631
1,2,1,0,1,-0.683820618648149,-3.13257924253418,-1.95604982963467,0.646719860412015,-0.33521366702628,0,1.047879991491,0,-1.05933221706112,-1.09089340073542,0.16170546759366
1,1,2,1,1,1.14826521137299,-0.957054556857626,-1.14610971143114,-2.96059726094542,-3.73903283103766,0.525521731621582,3.33323964382855,1,-0.152966291493198,-1.00404052528716,0.739401724845747
2,1,2,1,0,-1.16759669424902,1.6055760311021,0.525380219101258,-0.721197271579616,0.267302225081824,0,1.48358155858073,0,-1.20134451411937,-2.16288604685051,0.215737439756767
1,1,1,2,2,0.648920009851864,1.82927426454258,0.409110877208395,-0.492487313618973,-2.20926420196625,0,-0.603462538438438,0,-0.954339337092679,-1.9748870974056,0.282276640192408
0,2,1,1,1,-1.83924278182829,2.35947230388257,-0.461449496996361,-2.26292256969059,1.14507537341637,0,0.278119890272159,0,-2.06504397202215,-0.158253006474185,0.194965330649552
1,1,1,1,0,-0.380263071360461,-0.0415159932520238,0.266141725153213,-0.890694517581047,2.12247851790178,0,0.571508897612052,0,-0.987083667313313,0.774200456251136,0.236792768815194
2,1,2,1,2,-0.811037051274757,-0.414989642774619,0.384727115485843,1.72380526418597,0.160264823087647,0,-0.0202773821310989,0,-1.38865358562193,-0.366630084940422,0.194878650829606
2,0,0,0,1,0.311750079096725,-1.7286768987366,2.7152777197786,-0.0414711521038884,-1.05800739761267,0,0.42034286830234,0,-0.68179232719378,-1.70685274917131,0.277188229568657
1,1,1,2,0,-2.85746866608713,3.72260045849137,2.13229955113513,1.87276115547927,2.2477195026582,0,-0.749677501700359,0,-2.99292501371651,0.819303874151728,0.0811452859023644
2,0,1,1,0,0.558656512124281,1.62928771304333,0.660387773515352,0.396792881161105,1.36948447309192,0.645412210696056,0.561996248743069,1,-0.658534864984391,0.758383316594113,0.509855313230764
1,2,1,2,1,-5.06454329119537,3.18779240498223,-2.75587740816567,0.862546872458786,2.37540215407261,0,0.59681268054027,0,-4.71844258621961,-0.11977705963397,0.0826324665274574
2,0,1,0,2,2.4698679297565,1.53236706493031,1.63456322782073,-0.858214817715195,2.07448582077688,0,1.27515528312757,0,0.822146545969526,-0.975867053372184,0.667124585410722
2,1,1,1,1,-5.94774706054035,0.665443496294241,-2.01342112226964,1.69986627141355,0.898471363212511,0,0.0865062910444522,0,-5.38076251348864,0.737782910746561,0.0772627586483461
1,2,1,0,0,-1.02339381727567,1.70237904370093,2.02121374613672,-0.320292655054612,1.08422923566525,0,-0.326759867299182,0,-0.651854502447671,-1.54884305691893,0.162868588745486
1,1,1,1,1,-0.390512277629499,-0.40604420117113,0.707803651519885,1.6813699596689,0.717860144389283,0,0.766672877234505,0,-1.3225257739741,-1.85384102528286,0.204170815589622
1,1,1,1,0,-0.909516267874228,0.0586384690498137,1.64326113410216,1.14560578058032,0.341782550914201,0,2.65692337419023,0,-1.41636857776636,0.672625737354444,0.160536433834941
1,1,1,1,2,-1.81210999705627,1.46325724990193,1.88505785455779,-1.26661572179094,-2.5873135794313,0,2.0629486847668,0,-2.33113612603199,-1.6720361197997,0.187507529638105
0,2,0,2,0,2.35868248678366,2.25231290246269,2.71015800552125,-1.0245595576846,0.0755564017849677,0.826459647179009,1.29725401175754,1,1.08902102753755,-0.689696070831591,0.68822070312281
1,0,2,1,1,0.456442617262072,-2.13426671988372,-0.861036170511173,-1.65620507547375,0.336970085724583,0,1.37721497746267,0,-1.051833685026,-0.803472544187086,0.262455561554745
2,2,0,1,0,0.79248988574064,0.767229227439738,2.04026920658023,-0.947291218407268,1.40485477886082,0.515097824334724,0.324315022232449,1,0.764684687456463,-0.250778136373613,0.621390957211314
0,2,0,0,1,3.55347637623484,2.27937107481072,1.00059998076284,-4.36436823805738,-3.08230357536442,0.295329044202958,1.03844797803258,1,2.00675671430006,0.722262990947507,0.902236068020511
1,0,1,1,1,-0.503757411882267,1.33921966549305,2.60799581577251,0.378920002280819,2.26357218378107,0,1.86359304068344,0,-1.6008116511924,-0.305122924934073,0.158313204705346
2,1,2,0,2,0.0964313230642825,1.1978660166144,1.81676811483409,0.793312730708783,-1.32364245175623,0,1.38986490068683,0,-0.432337473936278,0.0887135113907142,0.3660932653768
1,1,2,0,0,-0.765299422283864,-0.853354001573233,-1.5068491827842,-1.13955349299521,1.90494342102991,0,-0.428154226248428,0,-1.1607944353125,0.23116562537221,0.100589561689862
2,1,0,2,0,-0.188008021937678,0.663783577007281,1.5705295669348,-1.64248777586123,2.31486741013733,0,-1.46182310146884,0,-0.61995236218683,-2.2599145411307,0.246226812610785
2,2,1,1,1,-0.930102565579834,0.536437534041409,1.6647936130573,-0.740017130422321,0.620241273125948,0,2.18031595168332,0,-0.581096112488609,1.04380179723273,0.188552208289445
2,1,1,0,2,-0.347107185664742,-0.523723656793794,2.52090660477823,2.12585068207982,1.83368564421007,0,0.507849269239538,0,-0.714291584346432,-0.781855335278699,0.239211048275155
0,1,0,0,2,0.519134689916794,-0.101947474947092,0.0452690603389439,-1.80430440662403,0.312366982405556,0.26582260668118,0.15514145505325,1,-0.975860556968514,0.37031780773174,0.334023629027957
0,0,2,2,1,0.709225560211546,0.594797266716843,0.343984231800899,-0.0652411774210668,-2.74925838282473,0,1.18884971528763,0,-1.51504047591748,0.199825978642489,0.300586449622859
2,2,1,0,1,-0.0602419863711266,-1.71284548606108,-1.47147949660316,0.886362784413043,-0.0813692445810584,0,0.911982690275776,0,-0.274926182499464,-1.62889336848387,0.215248715745403
1,1,0,0,1,0.855966120375069,-0.762030124035861,-3.05553315542057,-0.168617670392256,1.47433643488585,0,0.674097590948042,0,-0.705736105896398,-1.94892239216467,0.275198157804625
1,2,1,1,2,-4.42391399546263,-1.67823403449619,-2.20116644363556,4.35602209024113,0.409773936734344,0,1.24091803835213,0,-4.37357399385451,-0.262801979293237,0.0885990555461553
0,0,0,0,1,4.58152926206324,-1.25008493618994,0.406127075617283,-1.99539010780703,-0.169965929853059,0.361064137173079,0.938917418661732,1,1.6289900869562,-0.610731926756458,0.89914326347463
1,0,1,1,2,0.132879081310791,2.94512715292365,3.42151933362142,0.92053041290971,-1.08069241948784,0,1.91287558112739,0,-1.41429855444757,-1.54534609765355,0.247234651336274
1,1,1,1,1,2.1109262297956,-3.25179575801821,-0.0882761227813007,-1.42446409490261,0.71563708984265,0,-1.42472339180212,0,0.680197194944022,-2.16625450123179,0.571223580447702
1,2,0,2,0,0.160241077156288,3.78232180994735,-0.604145126228219,-1.39387669303148,3.24119075505771,0.201719552115002,1.22974235055864,1,-0.481915689831294,-1.38811485711075,0.498944654844969
2,1,1,1,2,0.0581662589716962,-1.66356091448297,-2.35309562277348,0.055209153608945,-2.25603051606419,0,-0.0401417081421658,0,-1.19603086367138,-1.07383686151483,0.151039637236737
0,2,2,1,0,1.12242190907687,3.33161208049755,1.87448764969458,-0.814892404889986,0.426288531625045,0.525463253714632,0.985720851276058,1,0.497078500690401,1.44886720905828,0.729277465833756
2,1,1,2,1,5.03993012607446,-2.26217878093325,-2.10805622676185,-3.78438623908625,-1.954711126211,0.869904566810078,3.38806331465781,1,2.72162785928005,1.86171065726475,0.919533565319059
1,0,2,0,2,-5.31378971229017,0.271079180054289,-0.140337843649452,-0.212482027942179,-1.32341157420397,0,1.21233011954294,0,-5.35202941768247,0.461445171260385,0.0672905209473951
0,2,2,1,1,-0.795460063467528,1.17865269924475,-0.960531050344897,1.06803259674089,0.720998331688103,0.517941294594457,0.748153308280524,1,-1.46051312947834,-0.0718681134267898,0.209502127981704
1,2,2,2,0,-2.04212799986366,3.017710519007,-1.26443635477668,-2.19058367311933,-0.779875302159182,0,0.738497987410522,0,-1.97029626390464,-1.59351268813453,0.125119394162111
2,1,0,0,1,0.951560167134026,-0.411744238376396,0.393226696533654,0.110617075550188,0.885370835243164,0,-1.24935440653504,0,0.0663999378203821,-1.84341351535968,0.415620540819925
0,1,2,2,0,-2.66582822560827,2.64579408578813,0.925972470993791,1.65801914753127,0.588191356865965,0,0.946644411959647,0,-3.21417764711896,1.51020393284955,0.0811452859023644
0,0,1,1,0,-2.86871296960979,0.141645253917035,0.411013912718138,-0.362251001006049,-1.42500051192553,0,0.818519367684432,0,-3.82195147741591,-1.77501106458911,0.0653979046177075
2,1,1,0,2,-0.668982574441052,-3.305891631443,-0.895268860483763,1.52870712969107,-1.03120032303935,0,0.745996225755749,0,-1.38187978488844,-2.80264452962612,0.218246630698737
1,2,0,2,1,1.38770358323793,2.4006366746921,1.65899635929316,1.50363421906638,2.32354814724804,0.188704514039895,-0.0107277387186446,1,0.332501449098882,-0.844742818137077,0.628921553983279
2,2,2,1,2,-0.515429272342645,0.934655820420297,-0.408807012468192,-0.33252966029898,0.397156020712202,0,1.19322332632289,0,-0.609741047933454,2.00961164987515,0.225312028356209
0,1,1,1,1,2.42423636774526,1.92154601104003,1.34693868423402,-2.32081752506725,-0.665835303815704,0,1.69938865916277,0,0.631768089092518,-0.252502805933744,0.543855387943878
2,1,1,0,0,-0.123596601160068,-0.0630542779021372,1.06846761330073,-1.66177476302879,0.38748704824429,0,-0.668095872034513,0,-0.237830980747334,-2.50023013355952,0.268915255914025
1,2,2,1,1,-3.3949840011411,0.928397210574456,-0.900796976811943,1.69744230073109,1.3823959362119,0,3.1256232099273,0,-3.01862228850029,0.543948776463633,0.0866871331391742
1,1,0,0,2,-0.0557002289090676,2.12355313747837,3.10888632797252,0.649505652943024,-0.436796713225257,0,0.544279864043711,0,-0.949889592452673,-0.537991403132458,0.191306623199407
2,0,0,0,1,-0.613625909369207,-1.27451423465993,-0.153805652940518,0.0984806038968294,0.115361415259935,0,1.84304760196997,0,-1.68725163616659,-1.05027919691938,0.15662682292461
1,1,2,1,1,-3.66209914319957,0.494087926244964,-1.8720754361537,-0.0470024116595906,2.19109494977139,0,-0.540222618964126,0,-3.71219468548029,-1.71777743591883,0.0768497907715541
1,2,2,1,0,3.19098619010336,0.43454180627269,1.1523472377223,1.58613550600613,-1.76449796705621,0.728811314331805,1.57741158156977,1,2.03298146985816,-0.582992514487086,0.720894005757618
1,1,1,1,2,-1.06528656479027,1.08246298623641,2.54793233408212,1.68280956707651,0.832202694760149,0,0.137038122775215,0,-1.76367457206844,-2.1759543333836,0.143627850130523
2,2,1,1,2,-0.76712534358116,0.371074380662323,-1.69602044258733,-0.966215418813157,-1.93974754987853,0,1.20989024726506,0,-1.13027435043803,-2.65708104597111,0.16087271261199
0,1,0,2,1,0.553308613299427,0.978398815994679,-0.243537486829978,-1.53180717707104,-2.36464611935615,0,1.75029464914331,0,-1.31969586523307,-1.88430502241793,0.268715484799324
0,1,1,0,0,-0.386488527277135,-1.77109522616322,0.126949856306936,0.982704852349825,0.170555232369545,0.246606774426125,-0.418526005613405,1,-1.33499514051483,-1.86721689895293,0.276190968202024
1,1,1,0,2,1.65180323523813,1.80729960549233,0.924192567070348,-1.86793395210268,0.353936205707557,0,0.271077692811261,0,0.362502849935788,-0.12041890076051,0.534191992791535
0,1,2,1,0,1.22335065563602,2.02042407528786,0.80251664865945,-0.0766586084938806,0.261696159482604,0,0.829748890240369,0,-0.137353436449831,-1.74610602312137,0.451281625127299
1,2,2,1,1,0.637632845140059,-2.24599678893519,-1.05254638575158,-1.2820460823343,-0.315592237798698,0,0.467309281119994,0,0.0989372016211474,-0.892580336668956,0.355035800481938
2,0,1,0,1,2.05504785847107,1.01623586703298,1.75868521150155,-3.03630219781463,-0.862964995610351,0.108502295967284,-0.350051675280111,1,0.736522426077988,-1.52941727299357,0.576393814803258
0,1,1,1,1,0.0750810190407205,1.09501812314683,0.709815054872092,-1.39800584681209,0.6300737270072,0.540591760288534,1.85707701323328,1,-1.13149373542715,0.998051803851714,0.340557044568588
0,0,1,2,1,2.60266458037015,0.896990902491349,1.39550099298761,-1.61460199482275,-2.6302131570682,0.364067571115211,0.974052935633006,1,-0.0465090444325294,0.0176060715975954,0.616350529923625
1,1,2,1,2,-0.489871736520563,0.0891731655155217,-0.670429025035822,-0.656288767793509,-0.245136697909475,0,0.526671710785796,0,-1.47175239539856,-2.31834834391034,0.157479018085458
1,1,1,1,1,0.673769185573997,0.879946827890931,0.582456720135682,2.0104746599948,0.203489472556933,0,0.0769175967975528,0,-0.651817190135652,0.892804816311044,0.324977677885431
2,0,1,2,0,1.80273706815223,-0.0670021334382826,-2.12787115933484,-2.76058987190079,-0.673339526644984,0,-1.28401001860734,0,-0.0909665214846287,-3.19790215294646,0.463352401564562
2,1,1,2,0,1.48278261361623,-1.64470246102399,-1.51343287115983,-2.66648285537381,-3.08729201477414,0.639192985422654,2.71712112681744,1,0.239654290582815,0.180682335103036,0.683821329145901
0,1,2,1,2,2.89372206209274,3.53822164200685,2.01752871391988,-2.31263785775722,-1.55366141141055,0.734665570613121,1.52322538310062,1,0.958345299382434,-1.23465148375977,0.829528933535154
2,1,1,1,1,-1.1330575042603,-0.800404471236637,0.705647512813932,0.0326559704990972,-0.553189102221191,0,0.808109124920306,0,-1.46455288273948,0.60439456656932,0.151000965036133
1,2,1,2,2,1.70407142343841,0.439440551995626,1.61941107242971,0.453450609063079,-2.08102228275783,0.806064887400768,1.59978186051982,1,0.48492140686351,-0.880182547875975,0.510642917375958
1,2,2,2,0,3.75610017428785,-0.357378883323354,0.263471654667969,0.529391204442235,1.01683930955399,0.79160704608123,2.72184370255227,1,2.381064391561,-1.38033278924495,0.878609825320829
1,1,2,0,1,-2.87718703650097,1.60635810992304,-0.955026047315419,-1.66521296066338,-1.32666547595998,0,-0.0643736314179292,0,-2.93256991559511,-2.42272742233262,0.0925227308647046
1,2,1,2,1,-1.72298035629013,3.21837979492834,0.714835369410475,-0.0723914916597595,-0.535506902850793,0,-0.0324381601005094,0,-1.92411315603088,-2.4917727264788,0.161627709322694
0,2,1,1,2,1.32516804339978,0.211974250159957,2.7849090286768,2.94179132978703,-0.173802210455121,0,1.70913278403974,0,0.111294695222169,-2.24291564586199,0.420349396717495
2,1,1,1,1,-0.789321815864429,-3.47773475408877,-2.48111246752749,0.621921661353336,0.512802154482906,0.193610148617128,-0.752170862875642,1,-1.54477580652815,-1.66184375359261,0.242513287775459
0,1,1,2,1,3.35427569360159,1.08454563119163,2.65048770013285,-1.82868287383302,-3.44198186764904,0.291084758804449,1.71454915240984,1,1.17874550563585,-1.14036948088691,0.795434499184705
2,1,1,0,0,-2.05574151629909,0.263662796748384,-2.39487127513103,-1.17499571433649,1.25890908426191,0,-1.66830964781095,0,-2.07877782775149,2.09510510851915,0.142005024872776
0,1,0,2,1,1.41518500085862,0.720276246049454,1.14130034993896,0.317837506817581,-0.00749674406202263,0.811485003568194,2.45677898070899,1,-0.54725856267564,-1.57255477065729,0.490606800162163
1,2,2,2,1,1.62300936312937,-1.26967107772943,-2.08027970747105,-1.96598582909909,-0.688405837931333,0,3.21338172417115,0,0.523877316698621,0.0541233452041359,0.332597575373382
2,1,2,1,0,-3.65920294143806,0.716849871395154,-0.599861044011208,1.77477246774666,1.99621123805463,0,0.603610231703381,0,-3.22149644420349,-0.323684149703911,0.0844932513263593
2,2,0,0,2,-0.411278599278364,0.602756588068837,0.625131645851739,0.225154699725944,0.127541101326648,0.687757260882134,-0.939215740107474,1,-0.559399717003601,0.937750138589956,0.285852236419909
0,1,0,2,0,-0.869076440728895,1.90353693103369,-0.0366523739209645,-1.24844504870295,0.415642049758982,0,1.62161734478657,0,-2.09583594829345,0.308924832620604,0.157647202250339
0,2,2,2,1,2.72037240147067,-1.1577179999721,1.43756873888504,0.5365241186303,-2.87565826433651,0,-0.00335008479800447,0,1.17037759341456,-1.84629207990212,0.570825910706919
1,1,0,2,1,2.58388315592087,0.176075713070167,0.825842310798883,0.334252397602946,2.53194201430446,0.689833345560554,0.430244776073354,1,0.695205254976861,-2.61239194236852,0.679524104594153
2,0,1,0,1,0.465232872846235,-0.0603428665397616,2.5368177650669,0.301761303768244,1.96492563263872,0,-1.48164030187244,0,-0.399641146892216,1.55107904129443,0.308599025315285
1,0,2,1,0,-0.503613773970566,2.79525597371124,1.15653168446047,-0.937373179482432,1.85407250635218,0,-0.89207565671191,0,-1.45968308035792,-0.142742212454174,0.224909899976204
1,1,1,0,2,1.4348707811372,-2.08253805482594,-0.884449671448967,-1.8369729172519,-0.724559826372529,0,-0.981892674148467,0,0.0363859925527446,0.466557291882339,0.448083653956401
2,1,0,0,1,-3.99172219915601,-1.53765565265362,-0.664128407378644,1.19089138424081,-0.198946611757144,0,-0.904114701710386,0,-3.72418683090743,1.14022025128407,0.0832333342517477
1,2,1,1,0,2.14254488098819,-0.935132845155623,3.08983710243715,1.9223440771918,-1.45155143718646,0,1.59261507658469,0,1.41307463775936,-2.91225772507246,0.502273582186861
0,2,1,2,2,-0.130797396324849,-2.32677397205289,-0.681734382966639,0.491073597075345,-2.44210969082828,0.31993478089091,-0.327730008040943,1,-1.39093998929259,-1.50565364109379,0.304807631720659
2,1,2,1,1,3.95069539598535,-2.4756738277069,-2.07873613497487,-3.09934734801973,-1.24718210993483,0.785867609460703,-0.707811170432882,1,2.22522369956284,0.222605822398887,0.918794619309863
1,1,0,1,1,1.61922503268792,-2.59625430342718,-1.67488517047523,0.0464768137784201,0.346431493180328,0,0.151437883833911,0,-0.15235546675401,-0.840058921436122,0.331978626803942
1,1,1,1,1,1.94339270058751,0.536243232929465,0.850699148699645,2.16188127185375,-0.0152912532576072,0.372466652535326,0.560215785418241,1,0.287414847871939,-2.31793284907073,0.567912237123566
1,0,2,0,1,-1.95119026583424,-0.577254998045377,-1.80297195731582,0.574767193449726,1.44960122618425,0,1.59233022396107,0,-2.90235262445013,1.69085206218068,0.109217591255448
2,0,0,1,2,0.488204071676684,1.32197735656134,0.152696597206196,-1.52714325472693,0.0969373858443861,0,2.44285316265249,0,-1.12361975794973,-0.0645226826673358,0.359240731557956
0,1,0,1,0,-0.210292107177454,-0.697432999435152,-1.51866875958048,0.181205728081218,0.176592092189228,0,1.93956032503459,0,-1.68816503540681,-1.5094463684736,0.136913514600522
2,0,2,1,2,1.6292027174252,-0.937617352384437,2.026542846245,-1.59009329593438,-1.38497677991669,0,-0.535249753577375,0,0.217610921774543,1.1382317036004,0.373246019526191
2,0,2,1,1,-4.19876797245353,0.396479813914411,-3.30795461998882,0.252988040550863,-0.4441307200902,0,0.787241236549397,0,-4.64039873083528,0.56594494062844,0.06183445334502
1,1,1,1,1,-1.90530164210427,1.01822795173327,-0.829975803638848,0.865223414164494,2.15572268581932,0,0.929047022199451,0,-2.53137620827888,-0.408683408584237,0.144837938809194
0,0,0,0,1,2.64657907380533,-3.79305424252738,-3.5416699071665,-0.143609090310974,-0.100462392437112,0,-0.65433769723325,0,-0.326895572054149,-1.67697962649959,0.586811031934857
1,1,0,1,0,-1.04536283306213,0.858225910809457,-0.425746084354232,-0.850630731300471,-1.8001382440783,0,-0.302429649314911,0,-1.88542860592736,-2.71115363729366,0.138864575988858
1,0,1,2,1,-3.45432062597618,0.780385649755286,-2.11716345724446,-0.0159497643279512,-1.86088950867768,0,1.60112698047717,0,-4.62054694591441,1.79710930533869,0.0619169881466133
1,1,2,0,0,1.39463516264105,-0.586802183097877,-0.813265008424683,-2.1730010170346,0.134787982186333,0,1.04329198072597,0,0.476652834713657,0.246200851499302,0.481276484048378
1,1,1,1,1,4.27670793388835,0.288493812869881,1.417485270216,-2.48724439295666,-0.589561208525937,0.25939985635784,1.5590656232405,1,2.35592619918714,-1.3479927884213,0.897946699572726
2,0,2,0,1,2.56034122808987,-1.17490945046842,1.19701572368595,-1.57514025054157,-0.442091382837839,0.260948995341395,-1.87042921763073,1,1.14159306592259,0.770122893689014,0.643332643199139
2,0,0,0,0,0.916439303012895,0.920603570454631,-0.1172715885395,-3.5380433914259,-2.967098536901,0,1.23657347969061,0,-0.359060194173313,-2.47442714234799,0.522845881046782
1,1,1,1,0,-1.36210875548446,-0.466431911522451,1.40702757585438,1.0303566624051,-0.941176935931817,0.608550050539855,-1.02720079651977,1,-1.80405255280919,-1.71744413348352,0.189213465468325
1,1,1,1,0,4.06563427395457,1.01457803979905,-2.27641149058321,-1.86825149025102,-0.656537296470433,0.41359836800189,1.97911544470345,1,1.81873263660334,0.784322798646823,0.871827590237048
1,1,0,0,0,-0.264425118772831,0.371577183622442,-0.78952272957359,-1.61188128470069,-1.1765878035704,0,-2.00830331675444,0,-1.11376986396217,-2.77621503056188,0.21002207927925
0,1,1,0,1,1.48669078281347,0.670016546464157,1.00084454929493,0.356914441750456,0.460398942110543,0,0.931541925891183,0,-0.0360632357227993,-1.9846191238098,0.445279837424195
0,0,0,1,0,3.8949248983652,-0.677491375411413,0.724796482489838,-1.91709677893984,1.55170920651465,0.0648887158970684,-1.1318957463959,1,1.2166816068386,-2.20926685644774,0.888103452633205
0,1,2,1,1,-2.44381267796748,1.99769376600447,4.42309443358209,0.808767090208379,0.195289356314561,0,1.00571884251887,0,-2.53848580330284,-1.84113629743543,0.0883976837037494
2,1,1,1,0,-1.53323761991616,0.641061145787611,-3.43233675623202,-0.978985353801768,0.647071691185619,0,-2.01640373895808,0,-2.04496712536592,-0.884573904596871,0.14140675117235
2,1,1,1,2,-2.53916499733493,-0.102440283005761,-2.13734599468304,-3.87397070585547,-1.24152749308699,0,-1.8136254753717,0,-2.76238640509866,-1.94071828191351,0.10207310127044
0,0,1,2,1,-0.0973966560665633,3.10626479590201,1.97764224583258,-3.65286089393848,-1.03238484854422,0,2.11430998711924,0,-1.76843221833194,1.98672795548893,0.211895363776795
2,1,0,1,2,1.18007429436914,-0.812767449416326,-1.15785792929045,-1.35414984872596,-0.0200112948300977,0,-0.608837056986544,0,-0.201615026048474,-2.15159451612694,0.288438602838827
1,0,1,0,1,0.225887922908485,-0.118995181924288,1.02874695571076,-1.86941453135803,-0.277408123904256,0.108965414300323,-0.151347840132192,1,-1.02118691690754,-2.45435721215936,0.302412880496453
2,1,0,2,2,-3.56358161331039,2.26645045423285,0.802227994011861,0.581711444981786,1.88674631880253,0,0.84853843262307,0,-3.67689235030649,-0.184021959324628,0.0838544684799615
1,1,1,2,0,2.67016712735469,2.93059638242474,1.49625877854843,0.194603687413962,0.582741034261539,0.23872595251507,1.17581653819429,1,0.983661261728825,0.011777746180875,0.785955924070713
0,2,0,0,1,1.48511834587809,-1.15291861416467,0.191057873268722,0.305520155413196,0.0733277988328273,0,0.23706764195924,0,0.307915278895088,1.35558406314145,0.389243650929119
0,1,2,0,0,-2.31169997082858,0.91543740796728,1.55138754368016,2.5110545269996,0.801320342231097,0,2.64355919717427,0,-2.56138993162874,-3.26707113879482,0.0811452859023644
1,2,2,0,0,-0.355666372214068,-0.691477488735377,0.563807612214161,0.506436044466581,0.533666254819748,0.315591133447928,-1.09308993516384,1,-0.233710417242396,-0.242558810306161,0.234264173796501
1,1,1,1,1,2.1291509754562,1.63956288030218,3.12479340214518,-2.1668096382233,-0.0704186984940682,0.44863854513015,2.79728956482921,1,0.985983345352308,-2.07866344846991,0.630579356672817
2,0,0,1,1,1.84990623953716,1.07720671200233,1.7116680127263,-0.771098915866504,0.418915118759333,0.656045545642859,0.361955565561864,1,0.175199572679907,-1.6688706802557,0.591142066386445
0,2,1,1,1,-1.25307909437682,0.774262325138121,-1.58002439818633,3.11216902180659,0.624822242082509,0,-1.82805566481709,0,-2.14533411527738,-0.509477558966693,0.130233877645252
2,1,0,1,1,-0.768514775841049,-1.23596902182356,-0.648578075296316,0.315584076901568,0.457156095383229,0,0.578024876706368,0,-1.47705098587136,-0.352250572076386,0.138284745477227
1,1,1,2,1,-0.0994098658048923,1.08961288308289,0.130133519913749,0.544003009365313,-1.37549973536295,0,-0.826465574848981,0,-1.39560436833635,-0.143647334809363,0.191215829022066
1,1,2,1,1,-1.02636053924892,-1.59060816801908,-4.49577897262579,-1.9073917410902,-2.52221489030659,0,0.0640023817059874,0,-2.15342827117212,1.03301058034986,0.117847468528956
1,1,1,1,0,-0.659433542188808,-1.17679068291979,-1.40103427432894,-2.9842888002108,-1.04773691324018,0,0.922143216543411,0,-1.35340858521676,-1.51601954133149,0.185783045757585
1,2,1,1,1,0.839207541423665,-1.68002334402483,-0.885248175197957,1.7480058142722,-1.51984539068541,0.553525030273347,0.85400765138897,1,-0.154276721080239,1.13979154618559,0.46065912012193
2,0,2,1,1,-1.34440392947788,0.567728550154757,0.697379274623846,-0.231327232564716,1.74459798460536,0.725477042992131,1.09119565390642,1,-1.95055701223708,-3.13654213169261,0.261143298270028
2,1,1,1,1,-0.319644498705145,-0.626888673186479,-0.542217990678755,0.803144034736919,1.80818647677717,0,-0.619367214580432,0,-0.996942474294784,-1.64434374232537,0.235615018327986
2,0,1,1,1,-0.102279822324434,-1.09914673322657,-0.836777766952661,-0.369568338947145,0.91402913399946,0.359878654568692,-0.183057633879812,1,-1.36645326284073,-1.4674336891437,0.32115409745382
1,1,0,0,1,0.321194192344012,2.5603315377926,2.08889590502905,0.747424161583373,0.654903018715692,0,1.26111667184894,0,-0.628962209013915,-0.968460451042679,0.287666462979902
1,1,1,1,0,-0.785591935277291,-0.672678449886089,-1.28822424275871,-0.476245509368057,-1.24694629154453,0,0.707559221792651,0,-1.63104567257562,-0.0340782346362593,0.10618238048574
1,0,0,1,2,1.52749558292896,1.26095698444443,2.08436969346367,0.113729281097126,-0.995481044826382,0,0.969714745485802,0,-0.608493135686858,-2.605814497488,0.299195699553728
1,1,1,1,0,-1.20872296467682,-1.58150456993244,-2.82458302479898,0.578818692633482,0.0905978553196384,0,0.0348241509962264,0,-2.1251755294914,0.161782132251764,0.118822585673984
0,1,1,2,1,-0.577141187247151,1.20429002532862,2.01843711153787,2.22049972432767,-0.585159334617369,0,1.64191790548869,0,-1.90806380910048,2.33940066902835,0.156556383861078
0,1,1,0,0,0.648910380845179,0.665275660340349,2.05166032429041,0.475522566967312,0.912712753255743,0.748106315774692,2.18905697641787,1,-0.343775421240882,-2.41775746870889,0.370654705413313
1,1,1,1,0,2.11300549190907,0.0894193253952679,-0.420213606352825,-2.14732896968893,0.231081929110698,0.0287337610792467,-0.0394867022178331,1,0.729743410200123,0.808407951258085,0.633546706714719
1,0,0,0,2,2.50485615205897,-0.301835099158924,1.2911107057977,-1.63015734957709,-1.79800802765318,0.225749316620543,1.36100830521711,1,0.289970992201391,-0.727139914688461,0.576976411234395
2,2,0,1,1,0.356167287431483,-0.00105908579258105,0.810892502830586,-0.581772033468018,1.60315726664962,0,2.27716577878757,0,0.145292933175101,-1.92341253719013,0.371517597568055
0,2,1,0,2,-0.401095154974218,-1.4181980467268,1.75778487554494,2.38042203856491,0.217216524211288,0.77781925802518,2.88533444067716,1,-1.00171315017615,-1.8888130282371,0.311211513261963
2,2,0,2,0,-2.56215408529077,3.15122791691857,-2.42512683465706,-3.09271346889019,0.489166455343319,0,1.56179454374077,0,-2.33529359010031,1.36156181279447,0.105925735090133
2,1,0,1,1,-0.787704493619321,-1.40032777564893,-2.50691427441406,-0.801926567492381,0.709769899847727,0,1.16003139954618,0,-1.63250579172899,-1.11119087422622,0.127725732857739
0,0,0,1,0,4.03990194684128,-1.06471407087446,-0.316050719583918,-1.5498442363069,0.495221496083053,0.120791128022373,-0.352940524147154,1,1.12891009833465,-1.45726213727083,0.92797218741254
2,2,1,2,1,2.18496560526268,-2.16045129009601,-0.642722068400035,1.0878121816013,1.263452226495,0.544209348156649,0.633344481424028,1,1.18276116859305,-1.89786938401319,0.66170103911069
1,0,1,1,0,1.0426761311661,-0.964265049339127,-0.216230370400006,0.16057782185881,-0.396909579040687,0.353305039441606,1.82586363128147,1,-0.72545519513067,0.0924576814386261,0.553264981157294
0,2,0,1,0,1.62164016430559,2.46833793727308,0.710117975828251,-0.603387131552022,0.514884197886361,0.625005187225057,-0.822594237387012,1,0.446375960124981,0.558463049183537,0.647433199682403
1,2,0,1,1,-3.6743869716991,3.2529933163199,-2.19229169411824,0.363871417850946,-0.374840113326254,0,2.48817816405379,0,-3.70325190168738,0.227609143145953,0.0768943905433659
2,0,1,0,1,1.220935631422,0.665689754351671,0.715412951167642,-0.983580549780543,1.02415859653195,0,-0.0502089912051221,0,-0.0546545705852431,-1.68976623307985,0.487151069421368
1,2,1,1,0,-0.577813981108469,-0.940813366427372,-0.901944015854169,-0.286896147807818,0.368970119070368,0,2.8846526118187,0,-0.822280714438175,-2.8063224228752,0.174987963483494
2,2,0,2,1,-1.50400769297804,0.411043562355027,0.668578412364978,1.69967783848284,-1.35626702398372,0.546450310080289,-0.488084744778471,1,-1.67361360014875,-1.31882459373715,0.309510006460863
1,0,0,0,2,0.117965221383627,-3.48440882718537,-0.512192510382878,3.01551894191086,2.50526219405203,0.661194999500203,1.26553714442593,1,-1.72186114442159,-0.946375028451823,0.487186802852974
1,1,1,0,1,2.38060615490895,-2.66321598800566,0.37601879435517,0.408547178090868,-0.619725059818821,0.129775012717664,0.505324319420322,1,0.891371489811717,-0.282140231807896,0.637666660949012
1,1,1,1,1,1.3823279207672,-1.52854533996951,-0.578584142457419,-2.1152132195857,-2.69909459947823,0.388468634392027,1.50472163153456,1,-0.0501138744450445,2.00030599553667,0.603526343682975
2,1,2,1,1,-1.18282452797459,0.331519390260629,1.01197693093075,0.461774712212374,0.388865419392568,0,1.25405938340194,0,-1.34617541425371,-1.97985189071444,0.166882157449683
0,0,1,2,0,3.90314613220136,2.43355792346786,0.356139610892852,-0.944741956493729,3.54060031739461,0.620865825754123,-0.117852700254826,1,1.08066382432295,-0.871358350034398,0.920540382384941
1,2,1,1,2,-3.06367671645011,-0.222744495789223,-1.18542531045597,1.35665919094916,0.32470532549829,0.783754389535765,3.34037003703503,1,-3.0938552564435,-2.44118432302621,0.0861182452554028
1,0,0,0,1,1.23535801423566,0.505079589977032,1.80274484138052,0.601263230857466,2.36044164128606,0,-1.20308701111407,0,-0.414544416114731,-2.43673282737204,0.375817138646703
2,0,1,0,1,2.05183353817727,1.89608826432534,2.21241225576672,-2.10052409399244,0.0403420030081818,0.346692711965468,1.0273628270047,1,0.738895990023878,-1.17521875624987,0.743705929788673
1,2,0,1,0,-1.33740877062777,-1.31054826381399,-3.10373631105589,-0.913453907304685,-1.16966476662048,0.0921174778035616,0.419128994601901,1,-1.7976862289373,0.0270105157972503,0.200006791211713
1,2,0,0,1,-0.153276784104297,2.70642203704868,-2.25613283241562,1.61040711854641,0.392285649721875,0,-0.81031301993304,0,-1.05270173493577,0.047639750934026,0.159507055063845
0,1,0,1,1,-2.4409546534548,1.10400048799149,2.53658402447165,1.4440863787754,0.466165592687942,0,2.34409275109206,0,-3.06065440308417,-1.88316532291129,0.079586847094319
2,0,2,0,2,0.657271845113558,1.52190580625521,1.2603914518789,-2.23870325120132,-0.703363045556259,0,0.933193051992421,0,-0.413370180080321,-3.11812199306331,0.284902910311213
2,1,1,0,0,0.491886927092656,1.31200063168966,0.459525921436347,-1.16670850837802,1.70464661100371,0.552119519874632,2.2990382613067,1,0.110579467363815,-2.29270669498258,0.500298100475151
0,2,1,1,2,-1.80125856017887,-3.02598246213402,-0.968082968322518,2.89633992511265,1.08850904633924,0.590616751272027,1.60508935145298,1,-2.47434392626849,1.5271329543963,0.290026212381209
1,2,2,2,2,-2.75939877868404,3.60098457772764,-1.08839818682481,-2.18974206899069,-0.389233206128205,0,0.67679723577771,0,-2.76897711149594,-0.93311279391183,0.0817536640574727
1,2,0,1,0,1.74134207485698,-1.5557708924915,-1.2396625884616,0.797308804096876,1.00118548462948,0,2.32819870640382,0,0.636049985133081,0.689318548399923,0.43382361677522
1,2,0,1,1,-4.96565259525225,-0.809323951451936,-4.40148341160216,0.323439544507413,2.32865535046119,0,1.16791073090759,0,-4.68585710255828,0.474504106938724,0.0790390176066064
0,1,0,1,2,2.79245230531934,-3.90531292750144,-2.55511984458902,-2.07240875349441,0.124897387191063,0.865060043250059,2.2330369367112,1,0.288737613329796,-1.99582625883658,0.747957852912267
2,1,1,0,2,-2.25061142419124,1.83482894990394,1.50791543699522,0.787534861567043,1.15686300203909,0,1.83407144951859,0,-2.21454148490307,1.25622824708522,0.0854887124351562
0,2,0,0,0,1.0635681918805,-1.20042586446548,-0.405216138138956,2.61412714919412,1.64257197497256,0,2.7944121091393,0,-0.0169050475751332,-0.0891547804356349,0.425742586627134
1,2,0,1,0,-0.580175992127595,1.26810398867297,0.733299588313928,0.60380135077246,1.17902006344837,0,-1.13251593023312,0,-0.844231188808411,0.0770068503427131,0.174718295539929
2,0,2,0,1,1.39037965874778,-0.969317920248946,0.766004733124848,-1.00132783832628,0.463079617777014,0.310956586416445,1.13934773950104,1,0.234626291638873,-2.63615643191004,0.632057525271535
1,1,1,1,0,1.89237512169285,-1.02378932718903,1.41109581260676,-1.1567303458961,0.119310443434212,0.162617709010692,2.15889962906255,1,0.759277277003612,-2.34178571463785,0.701864961278204
2,2,1,1,1,1.15788049680295,0.559465019300741,2.44180664184808,1.30863652935077,0.778359956735844,0,1.35184989056052,0,0.883574040645838,-2.19842539964056,0.459301172704393
2,1,1,0,1,-1.65098445141223,1.07514847944083,2.96610587624793,1.31594934056293,1.49748522597353,0,1.4880294289552,0,-1.44679694249906,-0.507242314842425,0.18227157805038
1,2,2,0,1,-1.81428389505776,0.957318102342641,-1.10075955674811,1.15394797466978,-2.36804967680474,0,1.61895759393399,0,-1.86348499465136,0.198842775740448,0.118982429607005
0,0,2,0,2,1.1690551299823,-1.57685653184348,2.41542680975355,1.90589584188013,-2.31737772822978,0,1.32557872593351,0,-0.812240241097249,-2.097021416394,0.319026475688849
1,0,2,0,0,2.71119905279947,-0.428790368313791,1.54411196739511,0.323529749074377,1.52768048961336,0.449967202888925,1.24802882508341,1,1.0546972413418,0.662184978727558,0.687679711195024
1,0,0,1,1,0.54957882082379,-1.26033597622959,0.970393905297746,-1.96256060124324,-1.16605036788626,0,0.849599710993252,0,-1.09268097834363,-2.93728055545263,0.161185274415356
1,2,1,1,2,-0.711480550857045,2.09684108147013,2.0732494619438,3.05690510344998,1.96290691432241,0.247004986787505,0.70067795593027,1,-1.09957265434399,-1.35336639136943,0.200470071479651
0,2,0,2,1,-2.51281269958032,1.5634805470591,-1.43369623030742,1.02936227127378,-1.8411028500085,0,0.746851613995611,0,-3.31101023060727,-1.30535806231579,0.0768943905433659
0,1,2,2,0,2.57777811352465,2.20621978785729,-0.700653790248422,-3.00352608401468,-0.0346994267042558,0,1.08893447363511,0,0.678149996570464,-1.39428572691602,0.613865662169037
2,2,0,1,1,-5.29679990001936,0.973877398694032,0.116289079695466,4.03191233039842,2.39815088102894,0,1.14784722409178,0,-4.34174570178937,-1.60760876019464,0.089931419752382
1,1,2,1,1,1.2628659901989,0.891842479676019,0.910961214376815,-1.61257314817789,0.580107815600936,0.342716188027927,0.538024339945494,1,0.225960509089614,-2.88773988326497,0.463466903359646
1,2,1,0,0,-5.08740593946598,-0.327574636115775,-1.18570132511516,3.18319128025456,2.60942025225242,0,-0.30160398350376,0,-4.11936906662057,-3.09657189113216,0.0802544277979752
2,2,2,1,0,-1.08043737346717,-0.17238680010049,0.099422993747315,1.57383466770295,-0.803038226158214,0,1.3807106979972,0,-0.804078686174118,-2.91144781202029,0.169224922086598
1,1,1,0,0,0.834867992228483,1.81506869764679,2.3271550664649,0.0274685346306934,2.2144262642515,0.604713686704598,0.688087490224575,1,0.199070246858342,-1.4462563272303,0.516111353499447
1,1,1,1,1,-0.392553404357339,0.187002526809571,-0.794276958395868,-0.415964333773153,2.85197021482724,0,0.825046794114387,0,-1.29228841375621,-1.52390132160939,0.198240387075526
2,0,0,1,2,1.1058960530701,0.184254016911578,0.920788661679701,0.979537651630925,-0.128543072666342,0.776854091648994,2.81206892223545,1,-0.736888977418269,-1.33703234184478,0.536696091676374
1,1,1,0,2,1.15534299202139,-1.98817956985398,0.555238441507165,0.062104594709836,-0.413182124473386,0,3.07818144375389,0,-0.106789285946026,2.11691540342114,0.395650448389029
0,2,0,2,1,1.87869563024934,4.04166212154765,0.983508512667462,-1.00885691040479,-1.39101106756754,0.186887946410016,-0.360032148574696,1,0.258615842523535,-1.1681939475824,0.719160048774723
2,1,0,1,2,-0.263236194812511,2.7121144268041,4.12119175935087,-1.15980397696989,-0.908917041753323,0.706961861873432,3.6575542833915,1,-0.72004115083299,-0.877514651560012,0.358174319280356
0,2,0,0,1,-1.07615368855907,1.0387537217533,1.5373791715272,1.93755334850112,-2.42429680370059,0,-0.235817537506965,0,-1.65013723104162,-1.17619394611309,0.148308845983886
2,1,2,0,1,-1.86473744779898,-1.06471038791899,-1.44776015799947,-0.063094826766137,2.05455328959637,0.171073783207162,-0.431537027743556,1,-1.84372546138328,-0.984205666171531,0.171882206388267
1,1,1,1,0,0.85942885388912,0.567501798435108,0.518230116448923,-1.01046783350781,-2.46308227829248,0.449400295135194,2.74256805758964,1,-0.262600210997683,-1.01562032419813,0.552684865363132
1,2,0,0,0,-1.76404236959931,1.1357939106563,-0.906075793565109,2.2741401471319,2.27395175470309,0,0.923938248142193,0,-1.81487969649226,2.18317054481276,0.183155458617952
0,2,2,0,0,-2.76045924970675,1.57167230430843,0.936241644908022,0.73057592115848,-0.287102396899248,0,2.94157030271775,0,-2.35278333148932,0.17888186402183,0.085251734319912
2,1,1,1,0,-0.488998769671945,0.772457648026942,0.905660344282497,1.02585432065269,1.52387201067987,0,0.920134526549787,0,-0.849568181541465,-1.41682844421909,0.209112041473263
0,0,1,0,2,2.80599846918386,-0.00750772664791915,1.60829124462008,-1.12924302186915,1.21406537317517,0.181354492979279,2.21878775724351,1,0.449244878691783,1.71598587963558,0.770874612570931
1,2,1,1,1,-0.257882962500867,-2.91740750915558,-2.45347201171336,0.16521870701828,-1.52997353155709,0,1.95737783715933,0,-0.998255411862953,-1.18448390624843,0.174752410276797
0,2,2,0,2,-1.71756443896622,0.339151274454055,0.501489496537951,1.10053795216274,0.41322264891438,0,2.16263764494753,0,-1.92266925679896,-0.494820750943591,0.169206377241921
2,0,1,1,0,2.76638022105062,-0.941084788873405,0.379290788466699,-3.16777786179654,-2.78519654545418,0.719097036743387,2.09868270319956,1,1.04798787919687,-2.68618804868529,0.804751887738954
1,0,1,0,1,2.91088141887259,-3.17390360146779,-1.92186880922737,-2.52234270767693,-1.74205676845022,0.510432322457788,1.72111082879827,1,0.609322088570588,0.497640035174168,0.770607449104269
1,1,1,1,1,4.02192077320077,-1.39711749845191,0.260165963377478,-0.573966593949393,-0.768050765646709,0.204195539231841,0.274548565480375,1,1.92800413586294,0.330475864640363,0.888721722947954
0,2,1,2,0,-0.619938987045477,2.15178190993989,0.59860704370937,-1.49901636834466,-1.49095792067968,0,0.224161274444629,0,-1.21936500418093,-2.93069616574486,0.175510099547118
2,1,1,2,0,1.72971678749871,0.472596122745184,-1.80216998054538,-1.30899601528591,-1.54690215768299,0.57985496511044,1.44719540819264,1,0.290396317520291,-1.69975653078289,0.502921494666184
2,1,2,0,1,-2.95332825341315,-0.0151323741257571,-2.29983713760127,-0.63775198540414,-0.555623896444956,0,-0.185264793610215,0,-2.83532191448048,1.03005134961068,0.0715991676437751
1,1,1,1,0,0.698421720443808,0.075960597282544,-2.43170586567086,-3.7912124378951,-0.770667006502175,0.591866738162906,0.557175769656573,1,-0.470998259425733,-1.40576241012658,0.541907652333049
1,1,2,2,1,-2.59041341943305,0.498806157672037,-1.33122862518189,1.46933827774826,-0.924653464297454,0,-1.20185709852861,0,-3.27072849194576,-0.624061983417988,0.0725903422806862
1,0,0,1,1,-1.05339866298909,1.2945129083967,0.715811011715447,-0.163322456600801,0.0681031268314938,0.842421640982133,2.68578490575276,1,-2.42813017286456,0.100411038051275,0.163316620995992
2,1,1,0,0,0.333263718145632,-0.172890556980683,-0.3925212644633,-2.36209848547668,-1.04825970931334,0.195558336028379,0.299910950480418,1,-0.101795154064857,0.568671179438993,0.481099738729969
0,1,2,2,1,-0.921501293048138,0.93251724233203,-1.78835088867135,-2.59368468300249,-0.865814611570527,0,1.11737766738352,0,-2.1644825730469,0.774854655362317,0.207900552358898
1,1,1,0,0,4.05064942646521,-1.01269955180384,-0.458499762539099,-0.475345574051784,-0.18751543890949,0.0872701724009394,1.08432083238347,1,2.1768452912924,-0.836793391055251,0.879680208716349
0,0,0,1,2,4.04264742614993,0.279513820691449,2.6528883745695,-0.762654103422645,-0.8767695015425,0.34283309451675,1.08655600328252,1,1.05336175461217,0.495550819600913,0.884865273804174
0,1,0,2,0,1.49999263600049,-1.40637565652691,0.542014040601255,-2.15992187024828,-1.3609804309462,0.287538207957199,0.871691286569793,1,-0.231812717014181,-1.6128634318329,0.564461689793764
1,1,0,0,1,-0.384007733680243,-0.697984583602766,-0.480921891764719,2.71734645278418,2.52122716782363,0,-0.0969080699868052,0,-1.43559149876044,1.46090153545145,0.185645532382787
1,0,0,0,1,-0.616744254739048,1.91893752998349,1.39593674252214,0.0265007036277041,0.382164962722978,0,1.01720930495219,0,-1.88357512119382,-2.16828132791253,0.14271107732127
1,1,2,1,1,-2.72375088554566,0.0481580183683328,0.326275652478531,2.89035583049055,0.957125356103925,0,0.416195198096182,0,-3.00464989996059,-1.09900947723714,0.0778820932255118
1,0,0,0,0,3.73763729892516,2.07332180257113,5.03184056195344,-1.53957071465055,-0.0787145744699618,0.674325846627714,0.502264785474142,1,1.95887527162591,-1.72041300430356,0.939320840112134
1,0,0,1,1,0.886603191083175,0.72182430468401,1.39800414977723,-0.330592617441285,-1.72778575865803,0,0.110707309668586,0,-0.990191667655482,-0.341557019232319,0.271991798284189
1,2,2,0,0,-0.91261848206359,2.25442464218604,-2.18611129298656,-3.26545263852211,-0.850633327375161,0.134798048331462,2.63963217387824,1,-0.856694958668261,-0.884072771368753,0.296094841186181
1,1,1,2,2,3.71576343326454,0.437162548381693,2.91235136344322,-1.63178475434177,-2.34983414765233,0.315160882201662,2.02589549812036,1,1.6895815752239,0.289174184072348,0.87991484895361
0,2,1,2,2,-2.7554149191551,2.71882967575944,-1.38458503099226,2.17116532121856,1.33996219852701,0,0.274500536045161,0,-3.47351172717242,-1.16845201954977,0.0826324665274574
1,0,1,0,1,1.18654846117825,1.0585326096846,1.41364794601273,-1.27499678836742,0.644313937646671,0,-0.21524425207694,0,-0.315674636983368,-0.498054494103813,0.392505780561656
0,1,1,2,0,-2.93192909152488,0.341703956527028,0.150069567914828,1.14157212158992,-0.608679486695699,0,-0.677332707470327,0,-3.59202988342886,0.314241893387678,0.0761931813705531
0,1,1,2,1,-0.707085592132881,0.289943346023355,-1.43538521429983,-0.636758138292088,-0.176171273700265,0,0.804431928264861,0,-2.19503773787005,1.58516906298054,0.109830537467551
0,1,1,1,1,-1.57068726237248,0.242035241028782,-1.90429941039344,-0.952098094520776,-0.207314047613178,0,0.839223994642145,0,-2.69419956527492,0.549705104143739,0.122927890072627
2,1,0,1,2,2.27214271055842,0.276682816598943,-0.488378190200425,-2.53474704464028,-1.94005211410961,0.220863889753118,0.238998283641289,1,0.644006902797884,-0.902811390783949,0.663862011623663
0,1,2,2,0,-2.13178370919543,1.34132114236896,-1.6466862137932,0.512883262831418,0.0867060210553183,0,-1.31396368573968,0,-3.05968570312086,-0.328375944896286,0.082028117779831
2,1,1,1,1,0.247604357863815,-1.45621100997742,1.27793939426613,0.309784260635042,-1.2679436753785,0.260053614342251,1.77045764595114,1,-0.427746384837069,-2.84684524218651,0.376759327104352
1,0,2,2,2,-0.959096889124712,-2.3419243194881,0.590562511960094,-0.801564778633975,0.0641111401245114,0,2.35759162240411,0,-2.26733822959256,-1.8094101362341,0.163010187330616
1,1,2,0,1,0.555502351554836,0.460235590903316,0.519484266591386,-0.549364103250206,-1.04038137346983,0,1.22121421576094,0,-0.305156266869078,0.0765600888586975,0.313555196814693
1,0,1,0,0,2.84144600774767,-1.13008344488625,0.577719324343947,-2.45313975725669,-2.47154198285677,0.67212174906301,0.601364417825745,1,0.936822686423214,0.938680983286001,0.757441381185218
0,1,2,1,2,-0.776991780487682,1.90175865988169,-2.01070996693806,-4.17318534297267,-1.6829706643719,0,0.447722578953668,0,-2.02865054070654,-1.60850764638029,0.252788255655999
0,0,2,1,0,-1.42403148830337,-0.623659465586021,-0.700122180814575,-1.48323619999262,-0.797706567876957,0,0.441373884891647,0,-2.65637775728134,-1.23806843199787,0.143786347346603
2,2,1,2,1,-0.3791452371217,1.71488650960003,0.815781241807889,1.61969639680761,1.2174913249436,0.0922629718642051,-0.705189799039964,1,-0.628202364819807,1.82010351837549,0.353402517312309
2,1,2,2,1,-0.715392092048471,1.19747927175876,-0.596582578365815,-1.00083072424492,-1.06649804572069,0.707224160540758,0.815456587659486,1,-1.35571313305729,-1.65786926528867,0.241555164732002
0,0,2,0,1,-0.91210499582558,-0.548484980967209,-1.23982877832897,-0.151595343041925,1.8380151449601,0,2.25640799526696,0,-2.33299568378923,-1.29285114216549,0.116144493127428
0,0,0,1,2,0.55321419905991,2.64955930170242,4.68101422369071,-0.709226087594646,-1.97153315721521,0,1.84516661227451,0,-1.32070778384827,-0.596297088401814,0.213243665206539
1,1,0,1,1,-0.0838285263791344,-0.839378340495357,-2.97338489751563,0.923892259084298,1.36224954569343,0,1.29158034354784,0,-1.61415794096199,0.862750335964163,0.123380394729528
1,2,0,2,2,1.92646978695812,-0.829820275815041,0.824279787054914,1.8108268843119,0.0553059399741668,0.75939591114675,0.876682771161855,1,0.435116370633387,-2.79520253658948,0.57822145910687
2,0,1,1,0,-0.924381957043528,0.537108808172976,-1.06804112081071,1.72584894149052,1.67974355434242,0,-0.0795515732853569,0,-1.99912348453009,0.684552381713335,0.118246488746244
1,2,1,2,0,3.10538471379774,2.30877564222819,1.26551404455102,-0.24405028158521,-1.76694826972391,0,1.11255279831616,0,1.76543432829782,-1.89184801306166,0.492471378463385
0,2,1,2,1,-1.99410049429158,0.872044879378617,1.67416788846707,3.74153128085929,1.19668081214343,0,1.17746134284136,0,-2.4499474535067,-1.98421275933829,0.179563276118192
1,2,1,0,0,-2.96622377986906,-0.58202413173762,1.40889159894765,0.34142569835184,1.00640122911113,0,2.03362573643002,0,-2.11773093700707,-1.32753179780264,0.0851954786126676
0,1,1,2,1,1.00576666418769,-0.690197404898125,-0.755121820164684,-0.00832897347246553,-0.688936662524582,0.522487790730948,-0.308757712258907,1,-0.912444927869919,-1.09089340073542,0.430118155020943
1,1,1,2,1,-1.58964262171483,1.1795537232988,-1.51458635173654,1.77483160380112,0.915212932069553,0,1.79160125239474,0,-2.67314122907773,-1.00404052528716,0.107610787112273
0,2,1,0,2,-1.65809804808475,-0.824424481950194,1.15307610625017,0.157736175457903,-0.361337248369551,0,0.0336184090339424,0,-1.86767117993389,-2.16288604685051,0.161460655111209
2,0,1,0,0,1.36970817598333,1.44058988931063,-0.159160280403299,-0.327759882575809,-1.03153500011771,0,-0.113880611076336,0,-0.0614467892131829,-1.9748870974056,0.392063924630953
1,0,0,0,1,0.603539426652223,-0.894968387847033,0.26569704975722,-0.784481960574931,1.41070422073399,0,-0.251496590527193,0,-0.968134320504184,-0.158253006474185,0.265244021751578
1,2,0,1,0,-0.961655069438221,-3.33095566738804,-2.82144935997444,2.52432412415439,-0.254238026346246,0,-0.645805384578925,0,-1.64095602631797,0.774200456251136,0.137569396807461
0,0,2,1,1,0.0666399115950921,0.47930249266443,1.02760644197989,0.619871512102242,3.81152289009118,0,0.609959897790451,0,-1.49987630257154,-0.366630084940422,0.212127897820953
2,2,0,2,0,0.485580528764001,-2.25352855626582,-3.66800090932702,2.42589428088813,1.07465339213935,0.769326874036471,2.4784107833413,1,-0.513837254687649,-1.70685274917131,0.304224185842711
2,1,1,1,0,2.40112385923585,-0.588636599655419,0.507853608884117,-0.582393433407688,-0.855924421031895,0.338608420104051,2.51756008462425,1,1.23605895227528,0.819303874151728,0.584849402959286
1,0,2,1,1,3.05224888851398,-2.13153487959009,0.297142426684408,-0.199983806183228,2.01163060830268,0.187881741181085,3.00399176461936,1,0.934174560369279,0.758383316594113,0.518320683228028
2,1,1,1,0,1.26312271199727,-2.37152155171564,-1.95053931636526,0.311795964039184,-0.714435119716524,0,0.702422826206439,0,0.0944687693787291,-0.11977705963397,0.319346843338093
1,1,1,0,0,-1.15738105070769,-1.34668856895472,0.861144022328787,1.39410089912182,-1.98054117541658,0,2.15860393640194,0,-1.61032137788701,-0.975867053372184,0.148077139658114
0,1,2,0,1,-1.78586159760561,-1.71070243675422,-1.47907353291471,0.668451851850873,-0.252461474383033,0,2.51274784944613,0,-2.55995245113901,0.737782910746561,0.132400547379005
2,2,2,0,1,-0.71199300212828,0.377105304160243,-0.210724387489636,0.503144128889449,0.519035828040527,0,1.73405254462317,0,-0.452387499756746,-1.54884305691893,0.207296536738392
2,1,1,0,1,2.55663037456073,-2.20651390906096,-1.79121316208358,-2.72036675529862,-4.63689370729289,0.683344721882357,0.257011070249424,1,1.10240870961408,-1.85384102528286,0.813681447545056
0,2,0,1,0,1.91556859458319,-0.732860428704585,-1.72005385979876,-1.56649594196794,2.31507186359506,0,-0.230885693617978,0,0.582523417248367,0.672625737354444,0.452097454833499
1,1,1,1,1,-3.51563336379348,1.72141015492536,0.992484983787018,1.15976993342292,3.38236370922102,0,0.325424077994387,0,-3.44961774196131,-1.6720361197997,0.0811452859023644
2,1,2,0,0,-1.23448037487002,0.84324236870806,-2.30540369925877,-2.29271380154448,0.898112559584489,0,-0.0349326027588861,0,-1.28924710475691,-0.689696070831591,0.135047927689885
0,1,1,2,1,1.85350082143064,-1.75815510201841,-2.41866043583374,-2.32068822114113,-1.50159959662616,0.410272531941648,1.86168971672578,1,-0.352639416715165,-0.803472544187086,0.543162808283424
1,2,2,1,1,-1.91285848944634,1.81289052634383,0.636847892376335,1.06605441038902,0.854266002223702,0,2.15427756856064,0,-1.75605873504173,-0.250778136373613,0.170153132220471
2,1,2,1,1,-0.219450900325058,-2.43767909161345,-2.18317707093271,-0.736223663715384,-2.84506684593099,0,2.40857695080976,0,-1.03193375072145,0.722262990947507,0.17626004729682
1,0,0,0,2,1.6107605482771,-0.307673489379313,2.01253504961563,0.505874254055634,-2.38216092789372,0,1.09458555008567,0,-0.439578626959744,-0.305122924934073,0.287568153461752
0,2,1,1,0,1.4098470679409,1.57771480357346,-0.773202266012153,-0.921535289076256,1.84415406579215,0.611761008665737,0.738507159307875,1,0.345949892440868,0.0887135113907142,0.618954925157508
1,1,2,1,2,1.04375347192187,-2.30493010236485,0.124479365710366,-2.67533229817634,-1.91760783681945,0,1.36142656454352,0,-0.124852648723002,0.23116562537221,0.457750881900142
0,2,1,2,1,0.661467229880982,2.21156591259636,1.79685998541738,-0.156437078806019,-0.942061194720847,0,-0.377975853616002,0,-0.369038065676959,-2.2599145411307,0.315778193285418
0,1,0,0,1,3.77160926636043,-2.26725089129614,1.27003848736326,0.148360262546768,-2.55069883355307,0.252451837373535,1.82604957556161,1,1.47787899188047,1.04380179723273,0.929295213312106
2,1,0,1,2,-2.07327916792426,0.559585290179675,-0.206960210834941,2.20268280169414,1.30744456596087,0.500011356811943,1.1988718843375,1,-2.66223420149764,-0.781855335278699,0.180155953405431
0,1,1,2,1,-0.201632192688019,-0.577774858510866,-3.61518046262854,0.748953438583207,-0.115539715137764,0,-0.53200472736889,0,-2.17987799687733,0.37031780773174,0.15709091308986
0,2,2,2,1,-5.70112513265441,-1.35831629761975,-1.7364856342253,2.72577562824109,-1.0857802081483,0,0.022636874222964,0,-5.38132266014482,0.199825978642489,0.0968545795946591
1,1,1,1,1,1.56688701684454,-1.12037569689373,1.06164796919509,-0.676586021060731,-1.77136400214234,0,-0.379575807930425,0,0.216929580634269,-1.62889336848387,0.377195923902907
1,2,2,1,2,-3.73117267565887,0.592693286990563,-1.95951825724808,2.5741552288858,0.72796667321922,0,-0.0373157315593322,0,-3.62843936273123,-1.94892239216467,0.0830945819372205
1,2,2,2,0,1.63364595746445,-1.38700442390072,-2.02696662650359,0.0532402242174046,-0.376496666205696,0.39347157187559,-0.262206137245882,1,0.562937604296262,-0.262801979293237,0.447339967677481
0,1,0,2,0,-0.537076761028656,2.30822530889402,0.244171199532828,0.982832747524548,1.03344820227592,0,0.08099809055617,0,-1.96481826079474,-0.610731926756458,0.16472183713557
2,1,0,0,1,-0.225047187129051,-0.153249035981588,2.12328450474979,-0.191903821602949,1.43843947867602,0,-1.2133553165038,0,-0.524328133547086,-1.54534609765355,0.223596869669445
2,1,1,0,1,-0.286469638430571,-0.0624545568891639,-1.51232127404109,-1.10963918622713,2.13825124422658,0,0.0355272605653563,0,-0.801199586222936,-2.16625450123179,0.179905278747662
1,1,1,1,1,0.534867316167029,-1.02772733603849,1.85739333685937,1.57967746163511,-0.856244122901981,0,1.0787206000303,0,-0.550764652691904,-1.38811485711075,0.365036289277465
0,1,1,1,1,-0.628061778254218,0.475642139101894,-1.30728173393983,-2.6077375458343,-2.46598247083106,0.0903361309418233,1.50139433482057,1,-1.92222475062194,-1.07383686151483,0.35866465394581
0,2,1,2,2,-6.32074278908917,0.375600528458281,-1.60941942548168,3.52251258370344,-1.13016629977375,0,-0.138525124413046,0,-6.20838043176357,1.44886720905828,0.0785184512596098
2,0,2,1,1,3.74135476783291,0.340666518924359,3.63526487231393,-2.05787351190021,-1.63398427596204,0.0665796845271112,1.86357192474042,1,2.08472823474729,1.86171065726475,0.927497094034574
1,0,1,0,1,3.31892490215267,0.228872135254704,3.88362906857426,-0.221504016737564,-1.1559700534037,0.465602239797036,4.88135102557006,1,1.40843843773575,0.461445171260385,0.612780334722729
1,0,1,1,0,-0.229699018385888,-0.102368472067664,1.94696007166527,-0.0569488717466632,-0.824669050174695,0,0.432619852936986,0,-1.39427520508768,-0.0718681134267898,0.161349064481623
2,1,1,1,2,-4.2667175354248,-0.980445593817096,-0.562516150117043,2.21529407768068,-2.01258504487982,0.753223854812457,1.60297015638761,1,-4.24958619341541,-1.59351268813453,0.134018139190324
1,0,1,1,2,1.79302325511618,-3.60504857784628,-1.18983040068963,0.057239953681825,-1.31459803956581,0.43562190406127,0.261712384420651,1,-0.570193045896284,-1.84341351535968,0.558104783570474
0,1,0,0,1,-2.67065320589187,-0.715972913129757,0.611317928977996,-0.254583228847566,-0.188536622499792,0,0.51427439924257,0,-3.16649208234862,1.51020393284955,0.0773985669997349
1,1,0,1,1,1.35022406924716,-1.9214640928949,-1.68139337225446,-2.1168814546292,0.672675937778727,0.338454058182475,-0.112243862778801,1,-0.198097113095132,-1.77501106458911,0.39580475003561
2,1,2,2,2,1.03870942725095,0.181684906996628,-1.31166290325958,-1.05819513193654,-0.252062919978025,0,1.09263992471995,0,-0.267156682112737,-2.80264452962612,0.384936641062994
1,1,1,1,0,2.26130193747121,-1.28743687981506,0.153513400075053,-0.208120015099272,2.0360956150055,0.29393511459718,-1.87993916625801,1,0.885848757673218,-0.844742818137077,0.595824590772662
2,1,1,0,2,-2.79227423758963,-0.394738360897569,-0.133166148306022,2.69455955393409,2.33464191848299,0,0.958782246272887,0,-2.83818988024379,2.00961164987515,0.0820664525590313
0,2,1,1,1,1.10693568900743,3.53566124545072,1.84484860909677,1.46132991729526,2.0836102881618,0.0480156663397402,-0.253429747087551,1,0.0945568912103693,-0.252502805933744,0.69447609420568
1,1,0,0,1,0.34609226936472,1.45559735845108,2.91980529420287,0.765420164339708,0.890116099603612,0,1.98023310423256,0,-0.465989565429453,-2.50023013355952,0.267743176771107
2,1,0,0,0,-2.56209292060266,1.86824664879333,-1.92683692245437,-1.07635921950179,1.00251754948893,0,1.45733406366261,0,-2.58438717305818,0.543948776463633,0.0934313281117022
2,1,1,1,2,-1.98048412697595,1.24200629448974,0.3136794811802,2.1133742459082,1.65239958211209,0,0.158473027663102,0,-2.38953462014521,-0.537991403132458,0.18171204163798
2,1,0,1,0,-2.1714927683365,0.348518778531138,0.54011251435668,1.33248163838449,1.86005811503215,0,0.0279809185771143,0,-2.242874764375,-1.05027919691938,0.0836845534678615
0,2,1,1,1,-2.77766303769331,2.26224480495689,0.0538803982015307,-0.821510284891965,-0.870885399943265,0,-0.561559554136041,0,-2.8610855771269,-1.71777743591883,0.0868501803131862
0,1,2,2,2,3.73706818308231,1.03819449059211,0.0378886129121421,-2.03157885867344,-4.73726977145371,0.321221557764349,2.4191430826165,1,1.06919144508651,-0.582992514487086,0.896588785015905
2,2,0,1,0,0.0433637330840137,-1.06064368775126,-0.393985606300084,2.55380953707435,-0.55843943200119,0,-0.46624540196645,0,-0.366483504357325,-2.1759543333836,0.322312272085782
0,1,1,0,1,0.559207460936043,0.566195485984193,1.26835847675202,-1.51472195484601,-0.589702965323352,0.141096141268471,1.94482635204412,1,-0.57892402992804,-2.65708104597111,0.358985098066526
0,2,0,2,1,-3.88023386326592,1.74387958146381,-0.100749783345432,1.74500363327348,0.113712139422955,0,1.99781081908705,0,-4.10114929146986,-1.88430502241793,0.0915845948910035
2,2,1,1,1,1.14631328449891,-0.0132142603326389,0.465173512864107,-1.33448217117161,-1.84970828691173,0.2907003462304,-0.417520026891293,1,0.717205060364356,-1.86721689895293,0.617599780434927
0,1,0,2,1,3.18216040952528,-1.78265232083422,-1.77660779658891,1.39712953526553,1.32975897043871,0.775327486511979,0.968696315767707,1,0.404741964270429,-0.12041890076051,0.723033461281881
0,1,1,0,0,3.19113057700863,-2.46528109689787,0.231426635184416,1.29125756107473,0.724320467747146,0.186696886185759,2.49028001254025,1,1.27884960526015,-1.74610602312137,0.846392600782
1,2,1,1,1,0.951450515350997,0.432903368023349,0.740535184443529,0.980040014851973,0.0427120160121905,0.713394296702234,-0.0033585054276899,1,0.195319443776886,-0.892580336668956,0.493460768184822
1,2,1,0,1,-3.68966327232892,0.397710041516654,-1.2630399597451,-0.373291113078724,0.34106713132613,0,1.08975584581066,0,-3.13569091876497,-1.52941727299357,0.0830945819372205
1,0,0,1,0,2.00098386637395,-0.838413869780522,-1.59962644377248,-1.86744346369575,-0.83668148071667,0,0.406559835529248,0,-0.225586351159085,0.998051803851714,0.258607049943076
0,2,1,1,0,-0.548790046484267,2.43590436509059,0.60032867282642,0.727668923727512,-0.0917276045932174,0,1.18131877602948,0,-1.11458372247096,0.0176060715975954,0.215499181888929
2,2,1,1,0,-1.96574403981746,1.2620901246079,-2.12687864544196,-2.70584031404031,0.904330072479675,0.199787128561081,1.56843294633363,1,-1.52645997269128,-2.31834834391034,0.319811782094439
1,1,0,0,2,1.75416618906741,-3.77452658279259,-0.471708283363948,-0.865758489283911,-0.751000441440081,0.802159465923475,-0.0570697352686118,1,0.158249949926437,0.892804816311044,0.74950014939126
1,2,1,2,1,-2.16354362098121,0.542558936325189,0.125815678598519,0.715193633078428,-0.44773723252777,0,1.42717505017228,0,-2.2948157417931,-3.19790215294646,0.0823893785613565
0,0,2,1,1,0.766103672439769,-0.448824635751481,2.71233124123299,-1.28179692581967,-0.443153119482708,0,0.499627871187671,0,-0.799172862147436,0.180682335103036,0.232397957833111
1,0,1,0,0,5.71381636532576,-1.90671147820384,0.277713435066482,-3.52387571136036,-2.01829890692814,0.669524590720542,1.19049181916739,1,3.08692211043742,-1.23465148375977,0.930053459087689
2,2,2,0,1,-3.03115070927901,-0.761320173189659,-1.04619156444729,0.385976806843491,-2.14122392562553,0,1.69348801633374,0,-2.30318204053842,0.60439456656932,0.0800347260786203
1,0,0,0,0,2.08045433385352,1.33433747241678,0.220071619969288,-1.34165778772345,0.805935376790945,0.299620565692428,0.496014512688249,1,0.19539992351783,-0.880182547875975,0.633242202744923
1,2,1,1,0,3.55997260218362,-1.82365501834951,-1.05245181807751,-0.877998770155152,-2.40704779516203,0.29225932098305,0.815019985468034,1,2.09211628371163,-1.38033278924495,0.829853780452419
0,0,1,2,0,3.14467758342099,1.44519446889347,1.79237565425275,-0.537376883548263,1.90082931507254,0,0.758958156080247,0,0.645787458869444,-2.42272742233262,0.474535791472993
0,2,0,0,1,0.983417351936547,-1.24104166999112,-1.00136014308341,-0.580166389537067,0.225548801170404,0.0975178364543554,3.98466725787482,1,-0.133632657302824,-2.4917727264788,0.47814609773206
2,1,1,1,2,0.0836086648778267,-1.7708801876042,1.8385593742301,1.80432205513302,-1.51017499795045,0.673305563216521,1.48892004294902,1,-0.734603871637063,-2.24291564586199,0.388323096122521
0,1,0,1,2,0.0349001018132197,-1.12938338128059,-0.180395558155176,2.98429276226506,1.78453813315461,0,0.544957182178177,0,-1.76502219741503,-1.66184375359261,0.164510075586342
1,2,2,0,1,1.13027422074189,-0.937188505030777,1.55763545858211,2.25769708081985,-0.0430869249238962,0.813964330829967,1.69637704418324,1,0.67006565924953,-1.14036948088691,0.517730697385384
2,1,1,1,0,1.16783514800855,2.36115431186182,3.78801745608574,-1.78315724863151,-2.12095739593594,0.636316670306014,1.64666653048723,1,0.714280289214333,2.09510510851915,0.738978208309977
1,1,2,2,1,-2.71683931325756,3.75117891642322,0.575629323171037,1.44083752916445,2.1482567283532,0,2.20869092981316,0,-3.0781722683656,-1.57255477065729,0.0801959660217385
0,1,0,0,1,1.90044141818325,-1.37620620363488,0.607155226709283,-0.745878798832558,0.362924502400964,0.227517219679919,2.01391422629798,1,0.205877320861837,0.0541233452041359,0.716510629524864
1,1,0,2,0,-0.957716418659808,-0.221166316822223,-0.417190936896326,1.59311872121275,2.14793549426209,0,-0.978466517128339,0,-1.95965464032708,-0.323684149703911,0.134866334470035
2,2,0,1,2,1.30472457364231,-1.76488810507464,-2.21972765140038,-3.05808502689682,-1.49282953777504,0,0.490435283049181,0,0.386692071452315,0.937750138589956,0.466544772767814
0,2,2,1,0,-3.4196287251171,1.30213118841724,-0.52486181146795,-1.12122507694709,0.736532236032085,0,-0.545866594301968,0,-2.99229496348206,0.308924832620604,0.101972855327234
0,1,1,1,0,-1.59884905133275,1.87405650820192,0.867197267970388,-1.18216586577323,-0.450377333931139,0,1.00750198059695,0,-2.24910107800387,-1.84629207990212,0.165850019515286
0,2,1,0,1,-2.6496521130934,1.35489220351552,-0.969868828747579,3.61846656229806,1.80604508840719,0,0.701183842677312,0,-2.91646157274334,-2.61239194236852,0.087343484856579
2,0,0,0,1,-2.69795448762067,1.79582334138899,2.54443928957153,1.48358195595922,0.076573901582461,0,1.4457758688947,0,-3.03261803927555,1.55107904129443,0.0812587363973457
1,1,1,1,2,3.44478958664128,-2.47972527829897,0.839672305699136,-0.905708399330221,1.43266567975222,0.105414380427555,0.879289787890942,1,1.57993428123871,-0.142742212454174,0.827284755399814
1,2,1,0,0,2.79217621608883,1.88453947391158,0.862342364679555,-3.06735810986433,-0.753988396429589,0.112281467879896,2.79418663458178,1,2.06537090544193,0.466557291882339,0.814265066257822
1,0,2,1,2,2.87948033556731,-4.00747303828115,-0.531932537462321,-2.32826888813756,-3.14164267863585,0.54875369218123,0.289671997406185,1,0.538688838782643,1.14022025128407,0.768981996858828
1,1,0,1,0,2.57135299218991,-1.33360806873087,-1.05821598090831,-1.08808580365662,-0.951422385676886,0,2.33781499121856,0,0.755768612648051,-2.91225772507246,0.566473566314054
1,1,1,0,2,0.700058548165613,1.17754551540329,2.27114076763101,1.53356221996661,1.70224116155531,0.431211198277368,2.0459424243662,1,-0.320427492258885,-1.50565364109379,0.428037606962244
0,0,1,0,1,-0.382655812242485,2.51334352295619,0.663238966928134,1.83037442423314,1.78764245085583,0,1.36251306178141,0,-2.07502710694657,0.222605822398887,0.226631029245516
0,2,0,2,0,-0.586797991754999,-0.440382940496464,-2.09666173142119,0.540002676732094,1.85582876407148,0,-0.247919052675968,0,-1.60818361850545,-0.840058921436122,0.126491812116898
1,0,2,0,0,2.49192778459593,-2.31494531413199,-1.06750010041398,0.184594907288028,-1.96795569512978,0.224381038985488,1.14366057455601,1,0.479360836751321,-2.31793284907073,0.653358282697729
1,2,2,1,0,-1.72988602276882,1.05784449404454,-3.3921849493376,-2.15082669800855,0.991623539012429,0,-0.886012133863352,0,-1.72879825873045,1.69085206218068,0.151931426515805
1,0,0,0,2,-0.607544135545649,0.270347581140319,-1.7098730274176,-0.490296018469195,2.60864591472434,0,2.13545267202839,0,-2.24767197303359,-0.0645226826673358,0.115726021650613
1,1,0,0,2,0.252853595559369,-1.41043670233638,-1.34771565813614,0.194748715403705,-1.71446580813937,0,1.19054787012964,0,-1.21761044982227,-1.5094463684736,0.186212431445464
1,0,1,1,2,-0.647718058960906,-1.9842567855974,0.264210977170958,-1.3540291885036,-0.821378864595084,0,0.41485444243162,0,-2.06903439265467,1.1382317036004,0.125032296113321
0,2,2,1,0,-0.743117645973597,1.05928099800228,-2.08157317029686,-0.783873286861253,0.0606309481689104,0,1.27643721311647,0,-1.30598308073554,0.56594494062844,0.148088645310967
2,1,2,1,0,1.66468259649573,-1.74747104262259,-0.502045632151169,-1.04199201428037,-0.101061972342505,0.181132843493145,-0.0842307129227635,1,0.810847581049544,-0.408683408584237,0.693285576357633
0,2,0,2,1,0.138954321010843,1.85925261894565,2.38890999574626,4.20623982277966,0.433874333785503,0,0.286433624036135,0,-1.0510805343021,-1.67697962649959,0.324325694895173
1,1,2,0,1,-2.04462596055708,2.5631979422629,0.733085003086786,0.924278680450499,2.06820255057065,0,-0.175626527652259,0,-2.1854133942638,-2.71115363729366,0.148465808472547
0,1,2,0,1,0.767709569080067,1.60853166375309,3.00255451428542,1.02109198422287,-1.23960474956544,0.568719101002938,2.07055372736669,1,-0.307264006342153,1.79710930533869,0.397032967133103
1,1,1,1,1,-0.853933892328478,-0.763481709516083,-1.35133219026546,-2.25828745737198,-1.10347483236681,0,0.969211080948796,0,-1.70489161667811,0.246200851499302,0.0984933875942385
0,2,1,1,0,1.07969279095001,-0.73147103379625,1.42714077320899,-0.198226742437293,-0.709319808443977,0,0.227807118096094,0,0.292844917215506,-1.3479927884213,0.506736637984977
0,1,1,1,2,-1.01670299257249,-0.945810268360516,-0.485805169004838,1.3596716205768,-0.467627649131307,0,-0.146976221342753,0,-2.40887630903713,0.770122893689014,0.131051445510693
2,1,1,0,0,-1.79830843307632,-2.69102488521463,-1.22877622145984,2.57946968015404,2.72888683918359,0,0.720053573400679,0,-1.86817836565962,-2.47442714234799,0.12855437384532
2,1,1,2,1,-0.765421254934636,-0.437989070946225,-2.43065705906885,-1.4055158420524,1.89519213734873,0,-0.586690837244275,0,-1.5637112419792,-1.71744413348352,0.110420854006527
2,0,1,1,1,-1.50189536957837,0.5802023448874,2.76157568058,0.867858134734931,-0.135353919158307,0,0.648553579234421,0,-2.09696550228707,0.784322798646823,0.211967022507196
1,1,1,0,1,-0.153539247592488,2.93282491064301,2.40392247078048,3.2677260215464,0.66377975995342,0.251897287019855,1.22047756991064,1,-0.98308022389397,-2.77621503056188,0.277060900570519
0,2,0,0,0,0.299552086782055,-0.00965010013631828,-0.0772379864184397,2.49510695805971,1.10193127874774,0,2.5893508404045,0,-0.57350826381181,-1.9846191238098,0.326297845033626
0,2,0,1,1,-1.57957448703239,1.28231175197439,0.835363963439875,1.60467196897074,0.254110306634694,0,1.76961928581681,0,-2.13348202091743,-2.20926685644774,0.180627689844529
2,0,2,0,1,-5.24269844820522,1.79259572306056,-0.888049993624141,0.229878279295209,2.8864694247242,0,0.31022099450462,0,-4.82139836241689,-1.84113629743543,0.0883143192142574
1,0,0,1,1,3.92264748970507,1.56224638984542,2.24562070749675,-1.22697630689125,-2.48684089110189,0.574440334633892,2.02978598951406,1,1.31553029402018,-0.884573904596871,0.907441407953932
0,2,1,1,0,-2.72678606827134,1.63560446784583,-2.16843151794783,-1.3918847718028,-0.108320218669313,0.52093363658126,1.02722984649603,1,-2.86494583960734,-1.94071828191351,0.107798238932113
0,2,1,1,2,-2.1365984819914,0.0332994109127341,-1.16497932111935,1.00580677318841,0.516315090188533,0,1.49731690053352,0,-2.71565614735213,1.98672795548893,0.0802544277979752
0,0,1,1,0,2.45819957432645,0.0998798592903775,3.12859090752869,-0.597486139869231,-0.743140255800519,0,0.990360734089762,0,0.411786337743264,-2.15159451612694,0.376898346261983
1,0,1,2,2,-0.66549388927259,-1.10754149295373,-1.28495740685423,-0.924707542923985,-0.760359313382208,0,0.353367764220361,0,-2.49207077579564,-2.45435721215936,0.0894806128765128
